state,date,qty_cases,qty_new_cases,cumm_qty_new_cases_14d,category
AC,2020-03-17,3,3,3,real
AC,2020-03-18,3,0,3,real
AC,2020-03-19,4,1,4,real
AC,2020-03-20,7,3,7,real
AC,2020-03-21,11,4,11,real
AC,2020-03-22,11,0,11,real
AC,2020-03-23,17,6,17,real
AC,2020-03-24,21,4,21,real
AC,2020-03-25,23,2,23,real
AC,2020-03-26,23,0,23,real
AC,2020-03-27,25,2,25,real
AC,2020-03-28,25,0,25,real
AC,2020-03-29,34,9,34,real
AC,2020-03-30,41,7,41,real
AC,2020-03-31,42,1,39,real
AC,2020-04-01,43,1,40,real
AC,2020-04-02,45,2,41,real
AC,2020-04-03,46,1,39,real
AC,2020-04-04,46,0,35,real
AC,2020-04-05,48,2,37,real
AC,2020-04-06,50,2,33,real
AC,2020-04-07,50,0,29,real
AC,2020-04-08,58,8,35,real
AC,2020-04-09,62,4,39,real
AC,2020-04-10,70,8,45,real
AC,2020-04-11,72,2,47,real
AC,2020-04-12,77,5,43,real
AC,2020-04-13,90,13,49,real
AC,2020-04-14,99,9,57,real
AC,2020-04-15,101,2,58,real
AC,2020-04-16,115,14,70,real
AC,2020-04-17,135,20,89,real
AC,2020-04-18,142,7,96,real
AC,2020-04-19,163,21,115,real
AC,2020-04-20,176,13,126,real
AC,2020-04-21,195,19,145,real
AC,2020-04-22,214,19,156,real
AC,2020-04-23,227,13,165,real
AC,2020-04-24,234,7,164,real
AC,2020-04-25,258,24,186,real
AC,2020-04-26,279,21,202,real
AC,2020-04-27,301,22,211,real
AC,2020-04-28,325,24,226,prediction
AC,2020-04-29,351,26,250,prediction
AC,2020-04-30,379,28,264,prediction
AC,2020-05-01,409,30,274,prediction
AC,2020-05-02,442,33,300,prediction
AC,2020-05-03,478,36,315,prediction
AC,2020-05-04,517,39,341,prediction
AC,2020-05-05,559,42,364,prediction
AC,2020-05-06,605,46,391,prediction
AC,2020-05-07,655,50,428,prediction
AC,2020-05-08,710,55,476,prediction
AC,2020-05-09,770,60,512,prediction
AC,2020-05-10,836,66,557,prediction
AC,2020-05-11,908,72,607,prediction
AC,2020-05-12,987,79,662,prediction
AC,2020-05-13,1073,86,722,prediction
AC,2020-05-14,1167,94,788,prediction
AC,2020-05-15,1270,103,861,prediction
AC,2020-05-16,1383,113,941,prediction
AC,2020-05-17,1507,124,1029,prediction
AC,2020-05-18,1548,41,1031,prediction
AC,2020-05-19,1575,27,1016,prediction
AC,2020-05-20,1589,14,984,prediction
AC,2020-05-21,1601,12,946,prediction
AC,2020-05-22,1601,0,891,prediction
AC,2020-05-23,1601,0,831,prediction
AC,2020-05-24,1601,0,765,prediction
AC,2020-05-25,1601,0,693,prediction
AC,2020-05-26,1601,0,614,prediction
AC,2020-05-27,1601,0,528,prediction
AC,2020-05-28,1601,0,434,prediction
AC,2020-05-29,1601,0,331,prediction
AC,2020-05-30,1601,0,218,prediction
AC,2020-05-31,1601,0,94,prediction
AC,2020-06-01,1601,0,53,prediction
AC,2020-06-02,1601,0,26,prediction
AC,2020-06-03,1601,0,12,prediction
AC,2020-06-04,1601,0,0,prediction
AC,2020-06-05,1601,0,0,prediction
AC,2020-06-06,1601,0,0,prediction
AC,2020-06-07,1601,0,0,prediction
AC,2020-06-08,1601,0,0,prediction
AC,2020-06-09,1601,0,0,prediction
AC,2020-06-10,1601,0,0,prediction
AC,2020-06-11,1601,0,0,prediction
AC,2020-06-12,1601,0,0,prediction
AC,2020-06-13,1601,0,0,prediction
AC,2020-06-14,1601,0,0,prediction
AC,2020-06-15,1601,0,0,prediction
AC,2020-06-16,1601,0,0,prediction
AL,2020-03-08,1,1,1,real
AL,2020-03-09,1,0,1,real
AL,2020-03-10,1,0,1,real
AL,2020-03-11,1,0,1,real
AL,2020-03-12,1,0,1,real
AL,2020-03-13,1,0,1,real
AL,2020-03-14,1,0,1,real
AL,2020-03-15,1,0,1,real
AL,2020-03-16,1,0,1,real
AL,2020-03-17,1,0,1,real
AL,2020-03-18,1,0,1,real
AL,2020-03-19,4,3,4,real
AL,2020-03-20,6,2,6,real
AL,2020-03-21,7,1,7,real
AL,2020-03-22,7,0,6,real
AL,2020-03-23,8,1,7,real
AL,2020-03-24,10,2,9,real
AL,2020-03-25,11,1,10,real
AL,2020-03-26,11,0,10,real
AL,2020-03-27,12,1,11,real
AL,2020-03-28,14,2,13,real
AL,2020-03-29,17,3,16,real
AL,2020-03-30,17,0,16,real
AL,2020-03-31,18,1,17,real
AL,2020-04-01,18,0,17,real
AL,2020-04-02,18,0,14,real
AL,2020-04-03,23,5,17,real
AL,2020-04-04,23,0,16,real
AL,2020-04-05,28,5,21,real
AL,2020-04-06,31,3,23,real
AL,2020-04-07,34,3,24,real
AL,2020-04-08,37,3,26,real
AL,2020-04-09,37,0,26,real
AL,2020-04-10,45,8,33,real
AL,2020-04-11,48,3,34,real
AL,2020-04-12,48,0,31,real
AL,2020-04-13,58,10,41,real
AL,2020-04-14,72,14,54,real
AL,2020-04-15,83,11,65,real
AL,2020-04-16,89,6,71,real
AL,2020-04-17,110,21,87,real
AL,2020-04-18,132,22,109,real
AL,2020-04-19,159,27,131,real
AL,2020-04-20,171,12,140,real
AL,2020-04-21,210,39,176,real
AL,2020-04-22,243,33,206,real
AL,2020-04-23,324,81,287,real
AL,2020-04-24,413,89,368,real
AL,2020-04-25,501,88,453,real
AL,2020-04-26,560,59,512,real
AL,2020-04-27,643,83,585,real
AL,2020-04-28,734,91,662,prediction
AL,2020-04-29,834,100,751,prediction
AL,2020-04-30,944,110,855,prediction
AL,2020-05-01,1065,121,955,prediction
AL,2020-05-02,1198,133,1066,prediction
AL,2020-05-03,1344,146,1185,prediction
AL,2020-05-04,1504,160,1333,prediction
AL,2020-05-05,1680,176,1470,prediction
AL,2020-05-06,1873,193,1630,prediction
AL,2020-05-07,2085,212,1761,prediction
AL,2020-05-08,2318,233,1905,prediction
AL,2020-05-09,2574,256,2073,prediction
AL,2020-05-10,2855,281,2295,prediction
AL,2020-05-11,3164,309,2521,prediction
AL,2020-05-12,3503,339,2769,prediction
AL,2020-05-13,3875,372,3041,prediction
AL,2020-05-14,4284,409,3340,prediction
AL,2020-05-15,4733,449,3668,prediction
AL,2020-05-16,5226,493,4028,prediction
AL,2020-05-17,5768,542,4424,prediction
AL,2020-05-18,6364,596,4860,prediction
AL,2020-05-19,6965,601,5285,prediction
AL,2020-05-20,7611,646,5738,prediction
AL,2020-05-21,8307,696,6222,prediction
AL,2020-05-22,9062,755,6744,prediction
AL,2020-05-23,9869,807,7295,prediction
AL,2020-05-24,10451,582,7596,prediction
AL,2020-05-25,10990,539,7826,prediction
AL,2020-05-26,11475,485,7972,prediction
AL,2020-05-27,11918,443,8043,prediction
AL,2020-05-28,12256,338,7972,prediction
AL,2020-05-29,12563,307,7830,prediction
AL,2020-05-30,12563,0,7337,prediction
AL,2020-05-31,12563,0,6795,prediction
AL,2020-06-01,12563,0,6199,prediction
AL,2020-06-02,12563,0,5598,prediction
AL,2020-06-03,12563,0,4952,prediction
AL,2020-06-04,12563,0,4256,prediction
AL,2020-06-05,12563,0,3501,prediction
AL,2020-06-06,12563,0,2694,prediction
AL,2020-06-07,12563,0,2112,prediction
AL,2020-06-08,12563,0,1573,prediction
AL,2020-06-09,12563,0,1088,prediction
AL,2020-06-10,12563,0,645,prediction
AL,2020-06-11,12563,0,307,prediction
AL,2020-06-12,12563,0,0,prediction
AL,2020-06-13,12563,0,0,prediction
AL,2020-06-14,12563,0,0,prediction
AL,2020-06-15,12563,0,0,prediction
AL,2020-06-16,12563,0,0,prediction
AM,2020-03-13,1,1,1,real
AM,2020-03-14,1,0,1,real
AM,2020-03-15,1,0,1,real
AM,2020-03-16,1,0,1,real
AM,2020-03-17,1,0,1,real
AM,2020-03-18,2,1,2,real
AM,2020-03-19,3,1,3,real
AM,2020-03-20,7,4,7,real
AM,2020-03-21,11,4,11,real
AM,2020-03-22,26,15,26,real
AM,2020-03-23,32,6,32,real
AM,2020-03-24,47,15,47,real
AM,2020-03-25,54,7,54,real
AM,2020-03-26,67,13,67,real
AM,2020-03-27,81,14,80,real
AM,2020-03-28,111,30,110,real
AM,2020-03-29,140,29,139,real
AM,2020-03-30,151,11,150,real
AM,2020-03-31,175,24,174,real
AM,2020-04-01,199,24,197,real
AM,2020-04-02,229,30,226,real
AM,2020-04-03,260,31,253,real
AM,2020-04-04,311,51,300,real
AM,2020-04-05,417,106,391,real
AM,2020-04-06,532,115,500,real
AM,2020-04-07,637,105,590,real
AM,2020-04-08,804,167,750,real
AM,2020-04-09,899,95,832,real
AM,2020-04-10,981,82,900,real
AM,2020-04-11,1050,69,939,real
AM,2020-04-12,1206,156,1066,real
AM,2020-04-13,1275,69,1124,real
AM,2020-04-14,1484,209,1309,real
AM,2020-04-15,1554,70,1355,real
AM,2020-04-16,1717,163,1488,real
AM,2020-04-17,1807,90,1547,real
AM,2020-04-18,1897,90,1586,real
AM,2020-04-19,2044,147,1627,real
AM,2020-04-20,2160,116,1628,real
AM,2020-04-21,2270,110,1633,real
AM,2020-04-22,2479,209,1675,real
AM,2020-04-23,2889,410,1990,real
AM,2020-04-24,3198,309,2217,real
AM,2020-04-25,3635,437,2585,real
AM,2020-04-26,3833,198,2627,real
AM,2020-04-27,3835,2,2560,real
AM,2020-04-28,3837,2,2353,prediction
AM,2020-04-29,3839,2,2285,prediction
AM,2020-04-30,3841,2,2124,prediction
AM,2020-05-01,3843,2,2036,prediction
AM,2020-05-02,3845,2,1948,prediction
AM,2020-05-03,3845,0,1801,prediction
AM,2020-05-04,3845,0,1685,prediction
AM,2020-05-05,3845,0,1575,prediction
AM,2020-05-06,3845,0,1366,prediction
AM,2020-05-07,3845,0,956,prediction
AM,2020-05-08,3845,0,647,prediction
AM,2020-05-09,3845,0,210,prediction
AM,2020-05-10,3845,0,12,prediction
AM,2020-05-11,3845,0,10,prediction
AM,2020-05-12,3845,0,8,prediction
AM,2020-05-13,3845,0,6,prediction
AM,2020-05-14,3845,0,4,prediction
AM,2020-05-15,3845,0,2,prediction
AM,2020-05-16,3845,0,0,prediction
AM,2020-05-17,3845,0,0,prediction
AM,2020-05-18,3845,0,0,prediction
AM,2020-05-19,3845,0,0,prediction
AM,2020-05-20,3845,0,0,prediction
AM,2020-05-21,3845,0,0,prediction
AM,2020-05-22,3845,0,0,prediction
AM,2020-05-23,3845,0,0,prediction
AM,2020-05-24,3845,0,0,prediction
AM,2020-05-25,3845,0,0,prediction
AM,2020-05-26,3845,0,0,prediction
AM,2020-05-27,3845,0,0,prediction
AM,2020-05-28,3845,0,0,prediction
AM,2020-05-29,3845,0,0,prediction
AM,2020-05-30,3845,0,0,prediction
AM,2020-05-31,3845,0,0,prediction
AM,2020-06-01,3845,0,0,prediction
AM,2020-06-02,3845,0,0,prediction
AM,2020-06-03,3845,0,0,prediction
AM,2020-06-04,3845,0,0,prediction
AM,2020-06-05,3845,0,0,prediction
AM,2020-06-06,3845,0,0,prediction
AM,2020-06-07,3845,0,0,prediction
AM,2020-06-08,3845,0,0,prediction
AM,2020-06-09,3845,0,0,prediction
AM,2020-06-10,3845,0,0,prediction
AM,2020-06-11,3845,0,0,prediction
AM,2020-06-12,3845,0,0,prediction
AM,2020-06-13,3845,0,0,prediction
AM,2020-06-14,3845,0,0,prediction
AM,2020-06-15,3845,0,0,prediction
AM,2020-06-16,3845,0,0,prediction
AP,2020-03-20,1,1,1,real
AP,2020-03-21,1,0,1,real
AP,2020-03-22,1,0,1,real
AP,2020-03-23,1,0,1,real
AP,2020-03-24,1,0,1,real
AP,2020-03-25,2,1,2,real
AP,2020-03-26,2,0,2,real
AP,2020-03-27,3,1,3,real
AP,2020-03-28,4,1,4,real
AP,2020-03-29,4,0,4,real
AP,2020-03-30,8,4,8,real
AP,2020-03-31,10,2,10,real
AP,2020-04-01,11,1,11,real
AP,2020-04-02,12,1,12,real
AP,2020-04-03,19,7,18,real
AP,2020-04-04,29,10,28,real
AP,2020-04-05,32,3,31,real
AP,2020-04-06,39,7,38,real
AP,2020-04-07,48,9,47,real
AP,2020-04-08,107,59,105,real
AP,2020-04-09,110,3,108,real
AP,2020-04-10,166,56,163,real
AP,2020-04-11,193,27,189,real
AP,2020-04-12,237,44,233,real
AP,2020-04-13,244,7,236,real
AP,2020-04-14,308,64,298,real
AP,2020-04-15,340,32,329,real
AP,2020-04-16,362,22,350,real
AP,2020-04-17,375,13,356,real
AP,2020-04-18,400,25,371,real
AP,2020-04-19,416,16,384,real
AP,2020-04-20,435,19,396,real
AP,2020-04-21,466,31,418,real
AP,2020-04-22,492,26,385,real
AP,2020-04-23,555,63,445,real
AP,2020-04-24,648,93,482,real
AP,2020-04-25,689,41,496,real
AP,2020-04-26,821,132,584,real
AP,2020-04-27,842,21,598,real
AP,2020-04-28,853,11,545,prediction
AP,2020-04-29,853,0,513,prediction
AP,2020-04-30,853,0,491,prediction
AP,2020-05-01,853,0,478,prediction
AP,2020-05-02,853,0,453,prediction
AP,2020-05-03,853,0,437,prediction
AP,2020-05-04,853,0,418,prediction
AP,2020-05-05,853,0,387,prediction
AP,2020-05-06,853,0,361,prediction
AP,2020-05-07,853,0,298,prediction
AP,2020-05-08,853,0,205,prediction
AP,2020-05-09,853,0,164,prediction
AP,2020-05-10,853,0,32,prediction
AP,2020-05-11,853,0,11,prediction
AP,2020-05-12,853,0,0,prediction
AP,2020-05-13,853,0,0,prediction
AP,2020-05-14,853,0,0,prediction
AP,2020-05-15,853,0,0,prediction
AP,2020-05-16,853,0,0,prediction
AP,2020-05-17,853,0,0,prediction
AP,2020-05-18,853,0,0,prediction
AP,2020-05-19,853,0,0,prediction
AP,2020-05-20,853,0,0,prediction
AP,2020-05-21,853,0,0,prediction
AP,2020-05-22,853,0,0,prediction
AP,2020-05-23,853,0,0,prediction
AP,2020-05-24,853,0,0,prediction
AP,2020-05-25,853,0,0,prediction
AP,2020-05-26,853,0,0,prediction
AP,2020-05-27,853,0,0,prediction
AP,2020-05-28,853,0,0,prediction
AP,2020-05-29,853,0,0,prediction
AP,2020-05-30,853,0,0,prediction
AP,2020-05-31,853,0,0,prediction
AP,2020-06-01,853,0,0,prediction
AP,2020-06-02,853,0,0,prediction
AP,2020-06-03,853,0,0,prediction
AP,2020-06-04,853,0,0,prediction
AP,2020-06-05,853,0,0,prediction
AP,2020-06-06,853,0,0,prediction
AP,2020-06-07,853,0,0,prediction
AP,2020-06-08,853,0,0,prediction
AP,2020-06-09,853,0,0,prediction
AP,2020-06-10,853,0,0,prediction
AP,2020-06-11,853,0,0,prediction
AP,2020-06-12,853,0,0,prediction
AP,2020-06-13,853,0,0,prediction
AP,2020-06-14,853,0,0,prediction
AP,2020-06-15,853,0,0,prediction
AP,2020-06-16,853,0,0,prediction
BA,2020-03-06,1,1,1,real
BA,2020-03-07,2,1,2,real
BA,2020-03-08,2,0,2,real
BA,2020-03-09,2,0,2,real
BA,2020-03-10,2,0,2,real
BA,2020-03-11,3,1,3,real
BA,2020-03-12,3,0,3,real
BA,2020-03-13,7,4,7,real
BA,2020-03-14,9,2,9,real
BA,2020-03-15,9,0,9,real
BA,2020-03-16,10,1,10,real
BA,2020-03-17,14,4,14,real
BA,2020-03-18,27,13,27,real
BA,2020-03-19,31,4,31,real
BA,2020-03-20,34,3,33,real
BA,2020-03-21,41,7,39,real
BA,2020-03-22,55,14,53,real
BA,2020-03-23,63,8,61,real
BA,2020-03-24,79,16,77,real
BA,2020-03-25,91,12,88,real
BA,2020-03-26,104,13,101,real
BA,2020-03-27,123,19,116,real
BA,2020-03-28,128,5,119,real
BA,2020-03-29,157,29,148,real
BA,2020-03-30,177,20,167,real
BA,2020-03-31,218,41,204,real
BA,2020-04-01,246,28,219,real
BA,2020-04-02,267,21,236,real
BA,2020-04-03,290,23,256,real
BA,2020-04-04,336,46,295,real
BA,2020-04-05,401,65,346,real
BA,2020-04-06,437,36,374,real
BA,2020-04-07,462,25,383,real
BA,2020-04-08,515,53,424,real
BA,2020-04-09,568,53,464,real
BA,2020-04-10,616,48,493,real
BA,2020-04-11,640,24,512,real
BA,2020-04-12,674,34,517,real
BA,2020-04-13,723,49,546,real
BA,2020-04-14,776,53,558,real
BA,2020-04-15,882,106,636,real
BA,2020-04-16,962,80,695,real
BA,2020-04-17,1065,103,775,real
BA,2020-04-18,1200,135,864,real
BA,2020-04-19,1248,48,847,real
BA,2020-04-20,1372,124,935,real
BA,2020-04-21,1504,132,1042,real
BA,2020-04-22,1645,141,1130,real
BA,2020-04-23,1845,200,1277,real
BA,2020-04-24,1979,134,1363,real
BA,2020-04-25,2116,137,1476,real
BA,2020-04-26,2248,132,1574,real
BA,2020-04-27,2356,108,1633,real
BA,2020-04-28,2474,118,1698,prediction
BA,2020-04-29,2603,129,1721,prediction
BA,2020-04-30,2744,141,1782,prediction
BA,2020-05-01,2899,155,1834,prediction
BA,2020-05-02,3069,170,1869,prediction
BA,2020-05-03,3256,187,2008,prediction
BA,2020-05-04,3461,205,2089,prediction
BA,2020-05-05,3686,225,2182,prediction
BA,2020-05-06,3933,247,2288,prediction
BA,2020-05-07,4204,271,2359,prediction
BA,2020-05-08,4502,298,2523,prediction
BA,2020-05-09,4829,327,2713,prediction
BA,2020-05-10,5188,359,2940,prediction
BA,2020-05-11,5582,394,3226,prediction
BA,2020-05-12,6015,433,3541,prediction
BA,2020-05-13,6491,476,3888,prediction
BA,2020-05-14,7014,523,4270,prediction
BA,2020-05-15,7589,575,4690,prediction
BA,2020-05-16,8221,632,5152,prediction
BA,2020-05-17,8916,695,5660,prediction
BA,2020-05-18,9680,764,6219,prediction
BA,2020-05-19,10520,840,6834,prediction
BA,2020-05-20,11444,924,7511,prediction
BA,2020-05-21,12460,1016,8256,prediction
BA,2020-05-22,13577,1117,9075,prediction
BA,2020-05-23,14805,1228,9976,prediction
BA,2020-05-24,16155,1350,10967,prediction
BA,2020-05-25,17640,1485,12058,prediction
BA,2020-05-26,19273,1633,13258,prediction
BA,2020-05-27,21069,1796,14578,prediction
BA,2020-05-28,23044,1975,16030,prediction
BA,2020-05-29,25216,2172,17627,prediction
BA,2020-05-30,27605,2389,19384,prediction
BA,2020-05-31,30232,2627,21316,prediction
BA,2020-06-01,32885,2653,23205,prediction
BA,2020-06-02,35700,2815,25180,prediction
BA,2020-06-03,38678,2978,27234,prediction
BA,2020-06-04,41842,3164,29382,prediction
BA,2020-06-05,45146,3304,31569,prediction
BA,2020-06-06,48340,3194,33535,prediction
BA,2020-06-07,51603,3263,35448,prediction
BA,2020-06-08,54903,3300,37263,prediction
BA,2020-06-09,58218,3315,38945,prediction
BA,2020-06-10,61188,2970,40119,prediction
BA,2020-06-11,64130,2942,41086,prediction
BA,2020-06-12,67005,2875,41789,prediction
BA,2020-06-13,69727,2722,42122,prediction
BA,2020-06-14,72197,2470,41965,prediction
BA,2020-06-15,74206,2009,41321,prediction
BA,2020-06-16,76025,1819,40325,prediction
CE,2020-03-15,3,3,3,real
CE,2020-03-16,9,6,9,real
CE,2020-03-17,11,2,11,real
CE,2020-03-18,20,9,20,real
CE,2020-03-19,24,4,24,real
CE,2020-03-20,68,44,68,real
CE,2020-03-21,84,16,84,real
CE,2020-03-22,125,41,125,real
CE,2020-03-23,164,39,164,real
CE,2020-03-24,185,21,185,real
CE,2020-03-25,211,26,211,real
CE,2020-03-26,235,24,235,real
CE,2020-03-27,282,47,282,real
CE,2020-03-28,322,40,322,real
CE,2020-03-29,359,37,356,real
CE,2020-03-30,382,23,373,real
CE,2020-03-31,401,19,390,real
CE,2020-04-01,445,44,425,real
CE,2020-04-02,563,118,539,real
CE,2020-04-03,658,95,590,real
CE,2020-04-04,746,88,662,real
CE,2020-04-05,826,80,701,real
CE,2020-04-06,1048,222,884,real
CE,2020-04-07,1191,143,1006,real
CE,2020-04-08,1396,205,1185,real
CE,2020-04-09,1447,51,1212,real
CE,2020-04-10,1559,112,1277,real
CE,2020-04-11,1666,107,1344,real
CE,2020-04-12,1745,79,1386,real
CE,2020-04-13,1935,190,1553,real
CE,2020-04-14,2069,134,1668,real
CE,2020-04-15,2281,212,1836,real
CE,2020-04-16,2413,132,1850,real
CE,2020-04-17,2748,335,2090,real
CE,2020-04-18,3063,315,2317,real
CE,2020-04-19,3309,246,2483,real
CE,2020-04-20,3488,179,2440,real
CE,2020-04-21,3686,198,2495,real
CE,2020-04-22,4116,430,2720,real
CE,2020-04-23,4704,588,3257,real
CE,2020-04-24,5099,395,3540,real
CE,2020-04-25,5677,578,4011,real
CE,2020-04-26,6263,586,4518,real
CE,2020-04-27,6339,76,4404,real
CE,2020-04-28,6422,83,4353,prediction
CE,2020-04-29,6513,91,4232,prediction
CE,2020-04-30,6613,100,4200,prediction
CE,2020-05-01,6723,110,3975,prediction
CE,2020-05-02,6844,121,3781,prediction
CE,2020-05-03,6977,133,3668,prediction
CE,2020-05-04,7123,146,3635,prediction
CE,2020-05-05,7283,160,3597,prediction
CE,2020-05-06,7459,176,3343,prediction
CE,2020-05-07,7652,193,2948,prediction
CE,2020-05-08,7864,212,2765,prediction
CE,2020-05-09,8097,233,2420,prediction
CE,2020-05-10,8353,256,2090,prediction
CE,2020-05-11,8634,281,2295,prediction
CE,2020-05-12,8943,309,2521,prediction
CE,2020-05-13,9282,339,2769,prediction
CE,2020-05-14,9654,372,3041,prediction
CE,2020-05-15,10063,409,3340,prediction
CE,2020-05-16,10512,449,3668,prediction
CE,2020-05-17,11005,493,4028,prediction
CE,2020-05-18,11547,542,4424,prediction
CE,2020-05-19,12143,596,4860,prediction
CE,2020-05-20,12798,655,5339,prediction
CE,2020-05-21,13518,720,5866,prediction
CE,2020-05-22,14310,792,6446,prediction
CE,2020-05-23,15181,871,7084,prediction
CE,2020-05-24,16139,958,7786,prediction
CE,2020-05-25,17192,1053,8558,prediction
CE,2020-05-26,18189,997,9246,prediction
CE,2020-05-27,19232,1043,9950,prediction
CE,2020-05-28,20322,1090,10668,prediction
CE,2020-05-29,21474,1152,11411,prediction
CE,2020-05-30,22657,1183,12145,prediction
CE,2020-05-31,23903,1246,12898,prediction
CE,2020-06-01,25213,1310,13666,prediction
CE,2020-06-02,26575,1362,14432,prediction
CE,2020-06-03,27674,1099,14876,prediction
CE,2020-06-04,28696,1022,15178,prediction
CE,2020-06-05,29701,1005,15391,prediction
CE,2020-06-06,30690,989,15509,prediction
CE,2020-06-07,31550,860,15411,prediction
CE,2020-06-08,32351,801,15159,prediction
CE,2020-06-09,33110,759,14921,prediction
CE,2020-06-10,33781,671,14549,prediction
CE,2020-06-11,34288,507,13966,prediction
CE,2020-06-12,34375,87,12901,prediction
CE,2020-06-13,34375,0,11718,prediction
CE,2020-06-14,34375,0,10472,prediction
CE,2020-06-15,34375,0,9162,prediction
CE,2020-06-16,34375,0,7800,prediction
DF,2020-03-07,1,1,1,real
DF,2020-03-08,1,0,1,real
DF,2020-03-09,1,0,1,real
DF,2020-03-10,1,0,1,real
DF,2020-03-11,2,1,2,real
DF,2020-03-12,2,0,2,real
DF,2020-03-13,2,0,2,real
DF,2020-03-14,8,6,8,real
DF,2020-03-15,14,6,14,real
DF,2020-03-16,19,5,19,real
DF,2020-03-17,19,0,19,real
DF,2020-03-18,34,15,34,real
DF,2020-03-19,42,8,42,real
DF,2020-03-20,87,45,87,real
DF,2020-03-21,108,21,107,real
DF,2020-03-22,131,23,130,real
DF,2020-03-23,146,15,145,real
DF,2020-03-24,177,31,176,real
DF,2020-03-25,191,14,189,real
DF,2020-03-26,201,10,199,real
DF,2020-03-27,242,41,240,real
DF,2020-03-28,260,18,252,real
DF,2020-03-29,298,38,284,real
DF,2020-03-30,312,14,293,real
DF,2020-03-31,333,21,314,real
DF,2020-04-01,370,37,336,real
DF,2020-04-02,400,30,358,real
DF,2020-04-03,419,19,332,real
DF,2020-04-04,456,37,348,real
DF,2020-04-05,468,12,337,real
DF,2020-04-06,485,17,339,real
DF,2020-04-07,503,18,326,real
DF,2020-04-08,509,6,318,real
DF,2020-04-09,527,18,326,real
DF,2020-04-10,556,29,314,real
DF,2020-04-11,592,36,332,real
DF,2020-04-12,618,26,320,real
DF,2020-04-13,641,23,329,real
DF,2020-04-14,651,10,318,real
DF,2020-04-15,688,37,318,real
DF,2020-04-16,727,39,327,real
DF,2020-04-17,756,29,337,real
DF,2020-04-18,796,40,340,real
DF,2020-04-19,796,0,328,real
DF,2020-04-20,817,21,332,real
DF,2020-04-21,850,33,347,real
DF,2020-04-22,898,48,389,real
DF,2020-04-23,906,8,379,real
DF,2020-04-24,944,38,388,real
DF,2020-04-25,956,12,364,real
DF,2020-04-26,1051,95,433,real
DF,2020-04-27,1051,0,410,real
DF,2020-04-28,1051,0,400,prediction
DF,2020-04-29,1051,0,363,prediction
DF,2020-04-30,1051,0,324,prediction
DF,2020-05-01,1051,0,295,prediction
DF,2020-05-02,1051,0,255,prediction
DF,2020-05-03,1051,0,255,prediction
DF,2020-05-04,1051,0,234,prediction
DF,2020-05-05,1051,0,201,prediction
DF,2020-05-06,1051,0,153,prediction
DF,2020-05-07,1051,0,145,prediction
DF,2020-05-08,1051,0,107,prediction
DF,2020-05-09,1051,0,95,prediction
DF,2020-05-10,1051,0,0,prediction
DF,2020-05-11,1051,0,0,prediction
DF,2020-05-12,1051,0,0,prediction
DF,2020-05-13,1051,0,0,prediction
DF,2020-05-14,1051,0,0,prediction
DF,2020-05-15,1051,0,0,prediction
DF,2020-05-16,1051,0,0,prediction
DF,2020-05-17,1051,0,0,prediction
DF,2020-05-18,1051,0,0,prediction
DF,2020-05-19,1051,0,0,prediction
DF,2020-05-20,1051,0,0,prediction
DF,2020-05-21,1051,0,0,prediction
DF,2020-05-22,1051,0,0,prediction
DF,2020-05-23,1051,0,0,prediction
DF,2020-05-24,1051,0,0,prediction
DF,2020-05-25,1051,0,0,prediction
DF,2020-05-26,1051,0,0,prediction
DF,2020-05-27,1051,0,0,prediction
DF,2020-05-28,1051,0,0,prediction
DF,2020-05-29,1051,0,0,prediction
DF,2020-05-30,1051,0,0,prediction
DF,2020-05-31,1051,0,0,prediction
DF,2020-06-01,1051,0,0,prediction
DF,2020-06-02,1051,0,0,prediction
DF,2020-06-03,1051,0,0,prediction
DF,2020-06-04,1051,0,0,prediction
DF,2020-06-05,1051,0,0,prediction
DF,2020-06-06,1051,0,0,prediction
DF,2020-06-07,1051,0,0,prediction
DF,2020-06-08,1051,0,0,prediction
DF,2020-06-09,1051,0,0,prediction
DF,2020-06-10,1051,0,0,prediction
DF,2020-06-11,1051,0,0,prediction
DF,2020-06-12,1051,0,0,prediction
DF,2020-06-13,1051,0,0,prediction
DF,2020-06-14,1051,0,0,prediction
DF,2020-06-15,1051,0,0,prediction
DF,2020-06-16,1051,0,0,prediction
ES,2020-03-14,1,1,1,real
ES,2020-03-15,1,0,1,real
ES,2020-03-16,1,0,1,real
ES,2020-03-17,1,0,1,real
ES,2020-03-18,1,0,1,real
ES,2020-03-19,13,12,13,real
ES,2020-03-20,16,3,16,real
ES,2020-03-21,25,9,25,real
ES,2020-03-22,26,1,26,real
ES,2020-03-23,29,3,29,real
ES,2020-03-24,39,10,39,real
ES,2020-03-25,40,1,40,real
ES,2020-03-26,48,8,48,real
ES,2020-03-27,54,6,54,real
ES,2020-03-28,61,7,60,real
ES,2020-03-29,72,11,71,real
ES,2020-03-30,85,13,84,real
ES,2020-03-31,97,12,96,real
ES,2020-04-01,121,24,120,real
ES,2020-04-02,140,19,127,real
ES,2020-04-03,153,13,137,real
ES,2020-04-04,166,13,141,real
ES,2020-04-05,194,28,168,real
ES,2020-04-06,209,15,180,real
ES,2020-04-07,227,18,188,real
ES,2020-04-08,273,46,233,real
ES,2020-04-09,300,27,252,real
ES,2020-04-10,349,49,295,real
ES,2020-04-11,383,34,322,real
ES,2020-04-12,430,47,358,real
ES,2020-04-13,463,33,378,real
ES,2020-04-14,557,94,460,real
ES,2020-04-15,734,177,613,real
ES,2020-04-16,935,201,795,real
ES,2020-04-17,952,17,799,real
ES,2020-04-18,1099,147,933,real
ES,2020-04-19,1103,4,909,real
ES,2020-04-20,1212,109,1003,real
ES,2020-04-21,1313,101,1086,real
ES,2020-04-22,1351,38,1078,real
ES,2020-04-23,1453,102,1153,real
ES,2020-04-24,1665,212,1316,real
ES,2020-04-25,1711,46,1328,real
ES,2020-04-26,1819,108,1389,real
ES,2020-04-27,1944,125,1481,real
ES,2020-04-28,2081,137,1524,prediction
ES,2020-04-29,2231,150,1497,prediction
ES,2020-04-30,2396,165,1461,prediction
ES,2020-05-01,2577,181,1625,prediction
ES,2020-05-02,2776,199,1677,prediction
ES,2020-05-03,2994,218,1891,prediction
ES,2020-05-04,3233,239,2021,prediction
ES,2020-05-05,3495,262,2182,prediction
ES,2020-05-06,3783,288,2432,prediction
ES,2020-05-07,4099,316,2646,prediction
ES,2020-05-08,4446,347,2781,prediction
ES,2020-05-09,4827,381,3116,prediction
ES,2020-05-10,5246,419,3427,prediction
ES,2020-05-11,5706,460,3762,prediction
ES,2020-05-12,6212,506,4131,prediction
ES,2020-05-13,6768,556,4537,prediction
ES,2020-05-14,7379,611,4983,prediction
ES,2020-05-15,7868,489,5291,prediction
ES,2020-05-16,8353,485,5577,prediction
ES,2020-05-17,8833,480,5839,prediction
ES,2020-05-18,9325,492,6092,prediction
ES,2020-05-19,9790,465,6295,prediction
ES,2020-05-20,10263,473,6480,prediction
ES,2020-05-21,10745,482,6646,prediction
ES,2020-05-22,10928,183,6482,prediction
ES,2020-05-23,10962,34,6135,prediction
ES,2020-05-24,10962,0,5716,prediction
ES,2020-05-25,10962,0,5256,prediction
ES,2020-05-26,10962,0,4750,prediction
ES,2020-05-27,10962,0,4194,prediction
ES,2020-05-28,10962,0,3583,prediction
ES,2020-05-29,10962,0,3094,prediction
ES,2020-05-30,10962,0,2609,prediction
ES,2020-05-31,10962,0,2129,prediction
ES,2020-06-01,10962,0,1637,prediction
ES,2020-06-02,10962,0,1172,prediction
ES,2020-06-03,10962,0,699,prediction
ES,2020-06-04,10962,0,217,prediction
ES,2020-06-05,10962,0,34,prediction
ES,2020-06-06,10962,0,0,prediction
ES,2020-06-07,10962,0,0,prediction
ES,2020-06-08,10962,0,0,prediction
ES,2020-06-09,10962,0,0,prediction
ES,2020-06-10,10962,0,0,prediction
ES,2020-06-11,10962,0,0,prediction
ES,2020-06-12,10962,0,0,prediction
ES,2020-06-13,10962,0,0,prediction
ES,2020-06-14,10962,0,0,prediction
ES,2020-06-15,10962,0,0,prediction
ES,2020-06-16,10962,0,0,prediction
GO,2020-03-12,3,3,3,real
GO,2020-03-13,3,0,3,real
GO,2020-03-14,4,1,4,real
GO,2020-03-15,4,0,4,real
GO,2020-03-16,9,5,9,real
GO,2020-03-17,9,0,9,real
GO,2020-03-18,12,3,12,real
GO,2020-03-19,14,2,14,real
GO,2020-03-20,14,0,14,real
GO,2020-03-21,17,3,17,real
GO,2020-03-22,21,4,21,real
GO,2020-03-23,23,2,23,real
GO,2020-03-24,29,6,29,real
GO,2020-03-25,32,3,32,real
GO,2020-03-26,38,6,35,real
GO,2020-03-27,44,6,41,real
GO,2020-03-28,56,12,52,real
GO,2020-03-29,56,0,52,real
GO,2020-03-30,60,4,51,real
GO,2020-03-31,65,5,56,real
GO,2020-04-01,72,7,60,real
GO,2020-04-02,74,2,60,real
GO,2020-04-03,86,12,72,real
GO,2020-04-04,103,17,86,real
GO,2020-04-05,115,12,94,real
GO,2020-04-06,119,4,96,real
GO,2020-04-07,133,14,104,real
GO,2020-04-08,159,26,127,real
GO,2020-04-09,179,20,141,real
GO,2020-04-10,191,12,147,real
GO,2020-04-11,209,18,153,real
GO,2020-04-12,229,20,173,real
GO,2020-04-13,233,4,173,real
GO,2020-04-14,284,51,219,real
GO,2020-04-15,304,20,232,real
GO,2020-04-16,318,14,244,real
GO,2020-04-17,335,17,249,real
GO,2020-04-18,380,45,277,real
GO,2020-04-19,388,8,273,real
GO,2020-04-20,403,15,284,real
GO,2020-04-21,421,18,288,real
GO,2020-04-22,438,17,279,real
GO,2020-04-23,453,15,274,real
GO,2020-04-24,486,33,295,real
GO,2020-04-25,506,20,297,real
GO,2020-04-26,573,67,344,real
GO,2020-04-27,616,43,383,real
GO,2020-04-28,663,47,379,prediction
GO,2020-04-29,714,51,410,prediction
GO,2020-04-30,770,56,452,prediction
GO,2020-05-01,831,61,496,prediction
GO,2020-05-02,898,67,518,prediction
GO,2020-05-03,971,73,583,prediction
GO,2020-05-04,1051,80,648,prediction
GO,2020-05-05,1139,88,718,prediction
GO,2020-05-06,1235,96,797,prediction
GO,2020-05-07,1340,105,887,prediction
GO,2020-05-08,1455,115,969,prediction
GO,2020-05-09,1581,126,1075,prediction
GO,2020-05-10,1719,138,1146,prediction
GO,2020-05-11,1870,151,1254,prediction
GO,2020-05-12,2036,166,1373,prediction
GO,2020-05-13,2218,182,1504,prediction
GO,2020-05-14,2418,200,1648,prediction
GO,2020-05-15,2638,220,1807,prediction
GO,2020-05-16,2880,242,1982,prediction
GO,2020-05-17,3146,266,2175,prediction
GO,2020-05-18,3438,292,2387,prediction
GO,2020-05-19,3759,321,2620,prediction
GO,2020-05-20,4112,353,2877,prediction
GO,2020-05-21,4500,388,3160,prediction
GO,2020-05-22,4926,426,3471,prediction
GO,2020-05-23,5394,468,3813,prediction
GO,2020-05-24,5908,514,4189,prediction
GO,2020-05-25,6473,565,4603,prediction
GO,2020-05-26,7094,621,5058,prediction
GO,2020-05-27,7777,683,5559,prediction
GO,2020-05-28,8528,751,6110,prediction
GO,2020-05-29,9354,826,6716,prediction
GO,2020-05-30,10262,908,7382,prediction
GO,2020-05-31,11260,998,8114,prediction
GO,2020-06-01,12357,1097,8919,prediction
GO,2020-06-02,13541,1184,9782,prediction
GO,2020-06-03,14829,1288,10717,prediction
GO,2020-06-04,16228,1399,11728,prediction
GO,2020-06-05,17746,1518,12820,prediction
GO,2020-06-06,19385,1639,13991,prediction
GO,2020-06-07,20863,1478,14955,prediction
GO,2020-06-08,22364,1501,15891,prediction
GO,2020-06-09,23881,1517,16787,prediction
GO,2020-06-10,25432,1551,17655,prediction
GO,2020-06-11,26659,1227,18131,prediction
GO,2020-06-12,27799,1140,18445,prediction
GO,2020-06-13,28835,1036,18573,prediction
GO,2020-06-14,29746,911,18486,prediction
GO,2020-06-15,30413,667,18056,prediction
GO,2020-06-16,30606,193,17065,prediction
MA,2020-03-21,2,2,2,real
MA,2020-03-22,2,0,2,real
MA,2020-03-23,8,6,8,real
MA,2020-03-24,8,0,8,real
MA,2020-03-25,8,0,8,real
MA,2020-03-26,10,2,10,real
MA,2020-03-27,14,4,14,real
MA,2020-03-28,16,2,16,real
MA,2020-03-29,22,6,22,real
MA,2020-03-30,31,9,31,real
MA,2020-03-31,52,21,52,real
MA,2020-04-01,71,19,71,real
MA,2020-04-02,81,10,81,real
MA,2020-04-03,87,6,87,real
MA,2020-04-04,95,8,93,real
MA,2020-04-05,132,37,130,real
MA,2020-04-06,171,39,163,real
MA,2020-04-07,230,59,222,real
MA,2020-04-08,272,42,264,real
MA,2020-04-09,293,21,283,real
MA,2020-04-10,344,51,330,real
MA,2020-04-11,398,54,382,real
MA,2020-04-12,445,47,423,real
MA,2020-04-13,478,33,447,real
MA,2020-04-14,630,152,578,real
MA,2020-04-15,695,65,624,real
MA,2020-04-16,797,102,716,real
MA,2020-04-17,1040,243,953,real
MA,2020-04-18,1205,165,1110,real
MA,2020-04-19,1320,115,1188,real
MA,2020-04-20,1410,90,1239,real
MA,2020-04-21,1604,194,1374,real
MA,2020-04-22,1757,153,1485,real
MA,2020-04-23,1948,191,1655,real
MA,2020-04-24,2105,157,1761,real
MA,2020-04-25,2223,118,1825,real
MA,2020-04-26,2410,187,1965,real
MA,2020-04-27,2528,118,2050,real
MA,2020-04-28,2657,129,2027,prediction
MA,2020-04-29,2798,141,2103,prediction
MA,2020-04-30,2953,155,2156,prediction
MA,2020-05-01,3123,170,2083,prediction
MA,2020-05-02,3310,187,2105,prediction
MA,2020-05-03,3515,205,2195,prediction
MA,2020-05-04,3740,225,2330,prediction
MA,2020-05-05,3987,247,2383,prediction
MA,2020-05-06,4258,271,2501,prediction
MA,2020-05-07,4556,298,2608,prediction
MA,2020-05-08,4883,327,2778,prediction
MA,2020-05-09,5242,359,3019,prediction
MA,2020-05-10,5636,394,3226,prediction
MA,2020-05-11,6069,433,3541,prediction
MA,2020-05-12,6545,476,3888,prediction
MA,2020-05-13,7068,523,4270,prediction
MA,2020-05-14,7643,575,4690,prediction
MA,2020-05-15,8275,632,5152,prediction
MA,2020-05-16,8970,695,5660,prediction
MA,2020-05-17,9734,764,6219,prediction
MA,2020-05-18,10574,840,6834,prediction
MA,2020-05-19,11498,924,7511,prediction
MA,2020-05-20,12514,1016,8256,prediction
MA,2020-05-21,13631,1117,9075,prediction
MA,2020-05-22,14585,954,9702,prediction
MA,2020-05-23,15545,960,10303,prediction
MA,2020-05-24,16509,964,10873,prediction
MA,2020-05-25,17498,989,11429,prediction
MA,2020-05-26,18453,955,11908,prediction
MA,2020-05-27,19423,970,12355,prediction
MA,2020-05-28,20407,984,12764,prediction
MA,2020-05-29,21085,678,12810,prediction
MA,2020-05-30,21590,505,12620,prediction
MA,2020-05-31,21923,333,12189,prediction
MA,2020-06-01,22216,293,11642,prediction
MA,2020-06-02,22370,154,10872,prediction
MA,2020-06-03,22370,0,9856,prediction
MA,2020-06-04,22370,0,8739,prediction
MA,2020-06-05,22370,0,7785,prediction
MA,2020-06-06,22370,0,6825,prediction
MA,2020-06-07,22370,0,5861,prediction
MA,2020-06-08,22370,0,4872,prediction
MA,2020-06-09,22370,0,3917,prediction
MA,2020-06-10,22370,0,2947,prediction
MA,2020-06-11,22370,0,1963,prediction
MA,2020-06-12,22370,0,1285,prediction
MA,2020-06-13,22370,0,780,prediction
MA,2020-06-14,22370,0,447,prediction
MA,2020-06-15,22370,0,154,prediction
MA,2020-06-16,22370,0,0,prediction
MG,2020-03-09,1,1,1,real
MG,2020-03-10,1,0,1,real
MG,2020-03-11,1,0,1,real
MG,2020-03-12,2,1,2,real
MG,2020-03-13,2,0,2,real
MG,2020-03-14,4,2,4,real
MG,2020-03-15,6,2,6,real
MG,2020-03-16,6,0,6,real
MG,2020-03-17,14,8,14,real
MG,2020-03-18,19,5,19,real
MG,2020-03-19,29,10,29,real
MG,2020-03-20,38,9,38,real
MG,2020-03-21,55,17,55,real
MG,2020-03-22,84,29,84,real
MG,2020-03-23,129,45,128,real
MG,2020-03-24,131,2,130,real
MG,2020-03-25,134,3,133,real
MG,2020-03-26,153,19,151,real
MG,2020-03-27,189,36,187,real
MG,2020-03-28,205,16,201,real
MG,2020-03-29,231,26,225,real
MG,2020-03-30,261,30,255,real
MG,2020-03-31,276,15,262,real
MG,2020-04-01,311,35,292,real
MG,2020-04-02,371,60,342,real
MG,2020-04-03,398,27,360,real
MG,2020-04-04,430,32,375,real
MG,2020-04-05,498,68,414,real
MG,2020-04-06,525,27,396,real
MG,2020-04-07,560,35,429,real
MG,2020-04-08,614,54,480,real
MG,2020-04-09,655,41,502,real
MG,2020-04-10,698,43,509,real
MG,2020-04-11,750,52,545,real
MG,2020-04-12,806,56,575,real
MG,2020-04-13,815,9,554,real
MG,2020-04-14,884,69,608,real
MG,2020-04-15,903,19,592,real
MG,2020-04-16,956,53,585,real
MG,2020-04-17,1021,65,623,real
MG,2020-04-18,1077,56,647,real
MG,2020-04-19,1154,77,656,real
MG,2020-04-20,1189,35,664,real
MG,2020-04-21,1230,41,670,real
MG,2020-04-22,1283,53,669,real
MG,2020-04-23,1310,27,655,real
MG,2020-04-24,1418,108,720,real
MG,2020-04-25,1483,65,733,real
MG,2020-04-26,1548,65,742,real
MG,2020-04-27,1586,38,771,real
MG,2020-04-28,1627,41,743,prediction
MG,2020-04-29,1672,45,769,prediction
MG,2020-04-30,1721,49,765,prediction
MG,2020-05-01,1774,53,753,prediction
MG,2020-05-02,1832,58,755,prediction
MG,2020-05-03,1895,63,741,prediction
MG,2020-05-04,1964,69,775,prediction
MG,2020-05-05,2039,75,809,prediction
MG,2020-05-06,2121,82,838,prediction
MG,2020-05-07,2211,90,901,prediction
MG,2020-05-08,2310,99,892,prediction
MG,2020-05-09,2418,108,935,prediction
MG,2020-05-10,2536,118,988,prediction
MG,2020-05-11,2665,129,1079,prediction
MG,2020-05-12,2806,141,1179,prediction
MG,2020-05-13,2961,155,1289,prediction
MG,2020-05-14,3131,170,1410,prediction
MG,2020-05-15,3318,187,1544,prediction
MG,2020-05-16,3523,205,1691,prediction
MG,2020-05-17,3748,225,1853,prediction
MG,2020-05-18,3995,247,2031,prediction
MG,2020-05-19,4266,271,2227,prediction
MG,2020-05-20,4564,298,2443,prediction
MG,2020-05-21,4891,327,2680,prediction
MG,2020-05-22,5250,359,2940,prediction
MG,2020-05-23,5644,394,3226,prediction
MG,2020-05-24,6077,433,3541,prediction
MG,2020-05-25,6553,476,3888,prediction
MG,2020-05-26,7076,523,4270,prediction
MG,2020-05-27,7651,575,4690,prediction
MG,2020-05-28,8283,632,5152,prediction
MG,2020-05-29,8978,695,5660,prediction
MG,2020-05-30,9742,764,6219,prediction
MG,2020-05-31,10582,840,6834,prediction
MG,2020-06-01,11506,924,7511,prediction
MG,2020-06-02,12522,1016,8256,prediction
MG,2020-06-03,13639,1117,9075,prediction
MG,2020-06-04,14867,1228,9976,prediction
MG,2020-06-05,16217,1350,10967,prediction
MG,2020-06-06,17702,1485,12058,prediction
MG,2020-06-07,19335,1633,13258,prediction
MG,2020-06-08,21131,1796,14578,prediction
MG,2020-06-09,23106,1975,16030,prediction
MG,2020-06-10,25278,2172,17627,prediction
MG,2020-06-11,27667,2389,19384,prediction
MG,2020-06-12,30294,2627,21316,prediction
MG,2020-06-13,33183,2889,23441,prediction
MG,2020-06-14,36360,3177,25778,prediction
MG,2020-06-15,39854,3494,28348,prediction
MG,2020-06-16,43455,3601,30933,prediction
MS,2020-03-14,2,2,2,real
MS,2020-03-15,2,0,2,real
MS,2020-03-16,4,2,4,real
MS,2020-03-17,6,2,6,real
MS,2020-03-18,7,1,7,real
MS,2020-03-19,9,2,9,real
MS,2020-03-20,12,3,12,real
MS,2020-03-21,16,4,16,real
MS,2020-03-22,21,5,21,real
MS,2020-03-23,21,0,21,real
MS,2020-03-24,24,3,24,real
MS,2020-03-25,24,0,24,real
MS,2020-03-26,25,1,25,real
MS,2020-03-27,28,3,28,real
MS,2020-03-28,31,3,29,real
MS,2020-03-29,36,5,34,real
MS,2020-03-30,44,8,40,real
MS,2020-03-31,48,4,42,real
MS,2020-04-01,51,3,44,real
MS,2020-04-02,53,2,44,real
MS,2020-04-03,60,7,48,real
MS,2020-04-04,62,2,46,real
MS,2020-04-05,65,3,44,real
MS,2020-04-06,66,1,45,real
MS,2020-04-07,80,14,56,real
MS,2020-04-08,85,5,61,real
MS,2020-04-09,89,4,64,real
MS,2020-04-10,97,8,69,real
MS,2020-04-11,100,3,69,real
MS,2020-04-12,101,1,65,real
MS,2020-04-13,113,12,69,real
MS,2020-04-14,115,2,67,real
MS,2020-04-15,121,6,70,real
MS,2020-04-16,131,10,78,real
MS,2020-04-17,143,12,83,real
MS,2020-04-18,161,18,99,real
MS,2020-04-19,168,7,103,real
MS,2020-04-20,171,3,105,real
MS,2020-04-21,173,2,93,real
MS,2020-04-22,175,2,90,real
MS,2020-04-23,186,11,97,real
MS,2020-04-24,213,27,116,real
MS,2020-04-25,217,4,117,real
MS,2020-04-26,234,17,133,real
MS,2020-04-27,238,4,125,real
MS,2020-04-28,242,4,127,prediction
MS,2020-04-29,246,4,125,prediction
MS,2020-04-30,250,4,119,prediction
MS,2020-05-01,254,4,111,prediction
MS,2020-05-02,258,4,97,prediction
MS,2020-05-03,262,4,94,prediction
MS,2020-05-04,266,4,95,prediction
MS,2020-05-05,270,4,97,prediction
MS,2020-05-06,274,4,99,prediction
MS,2020-05-07,278,4,92,prediction
MS,2020-05-08,282,4,69,prediction
MS,2020-05-09,286,4,69,prediction
MS,2020-05-10,290,4,56,prediction
MS,2020-05-11,294,4,56,prediction
MS,2020-05-12,298,4,56,prediction
MS,2020-05-13,302,4,56,prediction
MS,2020-05-14,306,4,56,prediction
MS,2020-05-15,310,4,56,prediction
MS,2020-05-16,314,4,56,prediction
MS,2020-05-17,318,4,56,prediction
MS,2020-05-18,322,4,56,prediction
MS,2020-05-19,326,4,56,prediction
MS,2020-05-20,330,4,56,prediction
MS,2020-05-21,334,4,56,prediction
MS,2020-05-22,338,4,56,prediction
MS,2020-05-23,342,4,56,prediction
MS,2020-05-24,346,4,56,prediction
MS,2020-05-25,350,4,56,prediction
MS,2020-05-26,354,4,56,prediction
MS,2020-05-27,358,4,56,prediction
MS,2020-05-28,362,4,56,prediction
MS,2020-05-29,366,4,56,prediction
MS,2020-05-30,370,4,56,prediction
MS,2020-05-31,374,4,56,prediction
MS,2020-06-01,378,4,56,prediction
MS,2020-06-02,382,4,56,prediction
MS,2020-06-03,386,4,56,prediction
MS,2020-06-04,390,4,56,prediction
MS,2020-06-05,394,4,56,prediction
MS,2020-06-06,398,4,56,prediction
MS,2020-06-07,402,4,56,prediction
MS,2020-06-08,406,4,56,prediction
MS,2020-06-09,410,4,56,prediction
MS,2020-06-10,414,4,56,prediction
MS,2020-06-11,418,4,56,prediction
MS,2020-06-12,422,4,56,prediction
MS,2020-06-13,426,4,56,prediction
MS,2020-06-14,430,4,56,prediction
MS,2020-06-15,434,4,56,prediction
MS,2020-06-16,438,4,56,prediction
MT,2020-03-20,1,1,1,real
MT,2020-03-21,2,1,2,real
MT,2020-03-22,2,0,2,real
MT,2020-03-23,6,4,6,real
MT,2020-03-24,6,0,6,real
MT,2020-03-25,9,3,9,real
MT,2020-03-26,11,2,11,real
MT,2020-03-27,11,0,11,real
MT,2020-03-28,11,0,11,real
MT,2020-03-29,11,0,11,real
MT,2020-03-30,18,7,18,real
MT,2020-03-31,25,7,25,real
MT,2020-04-01,28,3,28,real
MT,2020-04-02,41,13,41,real
MT,2020-04-03,44,3,43,real
MT,2020-04-04,60,16,58,real
MT,2020-04-05,60,0,58,real
MT,2020-04-06,76,16,70,real
MT,2020-04-07,78,2,72,real
MT,2020-04-08,90,12,81,real
MT,2020-04-09,108,18,97,real
MT,2020-04-10,112,4,101,real
MT,2020-04-11,121,9,110,real
MT,2020-04-12,123,2,112,real
MT,2020-04-13,134,11,116,real
MT,2020-04-14,138,4,113,real
MT,2020-04-15,151,13,123,real
MT,2020-04-16,156,5,115,real
MT,2020-04-17,162,6,118,real
MT,2020-04-18,171,9,111,real
MT,2020-04-19,174,3,114,real
MT,2020-04-20,181,7,105,real
MT,2020-04-21,181,0,103,real
MT,2020-04-22,205,24,115,real
MT,2020-04-23,220,15,112,real
MT,2020-04-24,241,21,129,real
MT,2020-04-25,247,6,126,real
MT,2020-04-26,249,2,126,real
MT,2020-04-27,256,7,122,real
MT,2020-04-28,263,7,125,prediction
MT,2020-04-29,270,7,119,prediction
MT,2020-04-30,277,7,121,prediction
MT,2020-05-01,284,7,122,prediction
MT,2020-05-02,291,7,120,prediction
MT,2020-05-03,298,7,124,prediction
MT,2020-05-04,305,7,124,prediction
MT,2020-05-05,312,7,131,prediction
MT,2020-05-06,319,7,114,prediction
MT,2020-05-07,326,7,106,prediction
MT,2020-05-08,333,7,92,prediction
MT,2020-05-09,340,7,93,prediction
MT,2020-05-10,347,7,98,prediction
MT,2020-05-11,354,7,98,prediction
MT,2020-05-12,361,7,98,prediction
MT,2020-05-13,368,7,98,prediction
MT,2020-05-14,375,7,98,prediction
MT,2020-05-15,382,7,98,prediction
MT,2020-05-16,389,7,98,prediction
MT,2020-05-17,396,7,98,prediction
MT,2020-05-18,403,7,98,prediction
MT,2020-05-19,410,7,98,prediction
MT,2020-05-20,417,7,98,prediction
MT,2020-05-21,424,7,98,prediction
MT,2020-05-22,431,7,98,prediction
MT,2020-05-23,438,7,98,prediction
MT,2020-05-24,445,7,98,prediction
MT,2020-05-25,452,7,98,prediction
MT,2020-05-26,459,7,98,prediction
MT,2020-05-27,466,7,98,prediction
MT,2020-05-28,473,7,98,prediction
MT,2020-05-29,480,7,98,prediction
MT,2020-05-30,487,7,98,prediction
MT,2020-05-31,494,7,98,prediction
MT,2020-06-01,501,7,98,prediction
MT,2020-06-02,508,7,98,prediction
MT,2020-06-03,515,7,98,prediction
MT,2020-06-04,522,7,98,prediction
MT,2020-06-05,529,7,98,prediction
MT,2020-06-06,536,7,98,prediction
MT,2020-06-07,543,7,98,prediction
MT,2020-06-08,550,7,98,prediction
MT,2020-06-09,557,7,98,prediction
MT,2020-06-10,564,7,98,prediction
MT,2020-06-11,571,7,98,prediction
MT,2020-06-12,578,7,98,prediction
MT,2020-06-13,585,7,98,prediction
MT,2020-06-14,592,7,98,prediction
MT,2020-06-15,599,7,98,prediction
MT,2020-06-16,606,7,98,prediction
PA,2020-03-18,1,1,1,real
PA,2020-03-19,1,0,1,real
PA,2020-03-20,2,1,2,real
PA,2020-03-21,2,0,2,real
PA,2020-03-22,4,2,4,real
PA,2020-03-23,5,1,5,real
PA,2020-03-24,5,0,5,real
PA,2020-03-25,9,4,9,real
PA,2020-03-26,13,4,13,real
PA,2020-03-27,16,3,16,real
PA,2020-03-28,18,2,18,real
PA,2020-03-29,20,2,20,real
PA,2020-03-30,26,6,26,real
PA,2020-03-31,32,6,32,real
PA,2020-04-01,39,7,38,real
PA,2020-04-02,49,10,48,real
PA,2020-04-03,75,26,73,real
PA,2020-04-04,82,7,80,real
PA,2020-04-05,86,4,82,real
PA,2020-04-06,123,37,118,real
PA,2020-04-07,154,31,149,real
PA,2020-04-08,165,11,156,real
PA,2020-04-09,169,4,156,real
PA,2020-04-10,217,48,201,real
PA,2020-04-11,237,20,219,real
PA,2020-04-12,259,22,239,real
PA,2020-04-13,310,51,284,real
PA,2020-04-14,384,74,352,real
PA,2020-04-15,487,103,448,real
PA,2020-04-16,557,70,508,real
PA,2020-04-17,627,70,552,real
PA,2020-04-18,641,14,559,real
PA,2020-04-19,685,44,599,real
PA,2020-04-20,902,217,779,real
PA,2020-04-21,1026,124,872,real
PA,2020-04-22,1195,169,1030,real
PA,2020-04-23,1267,72,1098,real
PA,2020-04-24,1579,312,1362,real
PA,2020-04-25,1745,166,1508,real
PA,2020-04-26,2070,325,1811,real
PA,2020-04-27,2220,150,1910,real
PA,2020-04-28,2385,165,2001,prediction
PA,2020-04-29,2566,181,2079,prediction
PA,2020-04-30,2765,199,2208,prediction
PA,2020-05-01,2983,218,2356,prediction
PA,2020-05-02,3222,239,2581,prediction
PA,2020-05-03,3484,262,2799,prediction
PA,2020-05-04,3772,288,2870,prediction
PA,2020-05-05,4088,316,3062,prediction
PA,2020-05-06,4435,347,3240,prediction
PA,2020-05-07,4816,381,3549,prediction
PA,2020-05-08,5235,419,3656,prediction
PA,2020-05-09,5695,460,3950,prediction
PA,2020-05-10,6201,506,4131,prediction
PA,2020-05-11,6757,556,4537,prediction
PA,2020-05-12,7368,611,4983,prediction
PA,2020-05-13,8040,672,5474,prediction
PA,2020-05-14,8779,739,6014,prediction
PA,2020-05-15,9591,812,6608,prediction
PA,2020-05-16,10484,893,7262,prediction
PA,2020-05-17,11466,982,7982,prediction
PA,2020-05-18,12546,1080,8774,prediction
PA,2020-05-19,13734,1188,9646,prediction
PA,2020-05-20,15040,1306,10605,prediction
PA,2020-05-21,16476,1436,11660,prediction
PA,2020-05-22,17764,1288,12529,prediction
PA,2020-05-23,19082,1318,13387,prediction
PA,2020-05-24,20426,1344,14225,prediction
PA,2020-05-25,21820,1394,15063,prediction
PA,2020-05-26,23201,1381,15833,prediction
PA,2020-05-27,24329,1128,16289,prediction
PA,2020-05-28,25379,1050,16600,prediction
PA,2020-05-29,26311,932,16720,prediction
PA,2020-05-30,27093,782,16609,prediction
PA,2020-05-31,27664,571,16198,prediction
PA,2020-06-01,28192,528,15646,prediction
PA,2020-06-02,28639,447,14905,prediction
PA,2020-06-03,28885,246,13845,prediction
PA,2020-06-04,28916,31,12440,prediction
PA,2020-06-05,28916,0,11152,prediction
PA,2020-06-06,28916,0,9834,prediction
PA,2020-06-07,28916,0,8490,prediction
PA,2020-06-08,28916,0,7096,prediction
PA,2020-06-09,28916,0,5715,prediction
PA,2020-06-10,28916,0,4587,prediction
PA,2020-06-11,28916,0,3537,prediction
PA,2020-06-12,28916,0,2605,prediction
PA,2020-06-13,28916,0,1823,prediction
PA,2020-06-14,28916,0,1252,prediction
PA,2020-06-15,28916,0,724,prediction
PA,2020-06-16,28916,0,277,prediction
PB,2020-03-18,1,1,1,real
PB,2020-03-19,1,0,1,real
PB,2020-03-20,1,0,1,real
PB,2020-03-21,1,0,1,real
PB,2020-03-22,1,0,1,real
PB,2020-03-23,2,1,2,real
PB,2020-03-24,3,1,3,real
PB,2020-03-25,5,2,5,real
PB,2020-03-26,6,1,6,real
PB,2020-03-27,10,4,10,real
PB,2020-03-28,14,4,14,real
PB,2020-03-29,14,0,14,real
PB,2020-03-30,17,3,17,real
PB,2020-03-31,17,0,17,real
PB,2020-04-01,21,4,20,real
PB,2020-04-02,29,8,28,real
PB,2020-04-03,32,3,31,real
PB,2020-04-04,34,2,33,real
PB,2020-04-05,35,1,34,real
PB,2020-04-06,36,1,34,real
PB,2020-04-07,41,5,38,real
PB,2020-04-08,55,14,50,real
PB,2020-04-09,79,24,73,real
PB,2020-04-10,85,6,75,real
PB,2020-04-11,101,16,87,real
PB,2020-04-12,111,10,97,real
PB,2020-04-13,136,25,119,real
PB,2020-04-14,152,16,135,real
PB,2020-04-15,165,13,144,real
PB,2020-04-16,195,30,166,real
PB,2020-04-17,205,10,173,real
PB,2020-04-18,236,31,202,real
PB,2020-04-19,245,9,210,real
PB,2020-04-20,263,18,227,real
PB,2020-04-21,301,38,260,real
PB,2020-04-22,345,44,290,real
PB,2020-04-23,386,41,307,real
PB,2020-04-24,447,61,362,real
PB,2020-04-25,499,52,398,real
PB,2020-04-26,543,44,432,real
PB,2020-04-27,543,0,407,real
PB,2020-04-28,543,0,391,prediction
PB,2020-04-29,543,0,378,prediction
PB,2020-04-30,543,0,348,prediction
PB,2020-05-01,543,0,338,prediction
PB,2020-05-02,543,0,307,prediction
PB,2020-05-03,543,0,298,prediction
PB,2020-05-04,543,0,280,prediction
PB,2020-05-05,543,0,242,prediction
PB,2020-05-06,543,0,198,prediction
PB,2020-05-07,543,0,157,prediction
PB,2020-05-08,543,0,96,prediction
PB,2020-05-09,543,0,44,prediction
PB,2020-05-10,543,0,0,prediction
PB,2020-05-11,543,0,0,prediction
PB,2020-05-12,543,0,0,prediction
PB,2020-05-13,543,0,0,prediction
PB,2020-05-14,543,0,0,prediction
PB,2020-05-15,543,0,0,prediction
PB,2020-05-16,543,0,0,prediction
PB,2020-05-17,543,0,0,prediction
PB,2020-05-18,543,0,0,prediction
PB,2020-05-19,543,0,0,prediction
PB,2020-05-20,543,0,0,prediction
PB,2020-05-21,543,0,0,prediction
PB,2020-05-22,543,0,0,prediction
PB,2020-05-23,543,0,0,prediction
PB,2020-05-24,543,0,0,prediction
PB,2020-05-25,543,0,0,prediction
PB,2020-05-26,543,0,0,prediction
PB,2020-05-27,543,0,0,prediction
PB,2020-05-28,543,0,0,prediction
PB,2020-05-29,543,0,0,prediction
PB,2020-05-30,543,0,0,prediction
PB,2020-05-31,543,0,0,prediction
PB,2020-06-01,543,0,0,prediction
PB,2020-06-02,543,0,0,prediction
PB,2020-06-03,543,0,0,prediction
PB,2020-06-04,543,0,0,prediction
PB,2020-06-05,543,0,0,prediction
PB,2020-06-06,543,0,0,prediction
PB,2020-06-07,543,0,0,prediction
PB,2020-06-08,543,0,0,prediction
PB,2020-06-09,543,0,0,prediction
PB,2020-06-10,543,0,0,prediction
PB,2020-06-11,543,0,0,prediction
PB,2020-06-12,543,0,0,prediction
PB,2020-06-13,543,0,0,prediction
PB,2020-06-14,543,0,0,prediction
PB,2020-06-15,543,0,0,prediction
PB,2020-06-16,543,0,0,prediction
PE,2020-03-12,2,2,2,real
PE,2020-03-13,2,0,2,real
PE,2020-03-14,7,5,7,real
PE,2020-03-15,8,1,8,real
PE,2020-03-16,18,10,18,real
PE,2020-03-17,19,1,19,real
PE,2020-03-18,22,3,22,real
PE,2020-03-19,28,6,28,real
PE,2020-03-20,31,3,31,real
PE,2020-03-21,33,2,33,real
PE,2020-03-22,37,4,37,real
PE,2020-03-23,42,5,42,real
PE,2020-03-24,42,0,42,real
PE,2020-03-25,46,4,46,real
PE,2020-03-26,48,2,46,real
PE,2020-03-27,53,5,51,real
PE,2020-03-28,68,15,61,real
PE,2020-03-29,73,5,65,real
PE,2020-03-30,83,10,65,real
PE,2020-03-31,93,10,74,real
PE,2020-04-01,96,3,74,real
PE,2020-04-02,107,11,79,real
PE,2020-04-03,136,29,105,real
PE,2020-04-04,176,40,143,real
PE,2020-04-05,201,25,164,real
PE,2020-04-06,223,22,181,real
PE,2020-04-07,351,128,309,real
PE,2020-04-08,401,50,355,real
PE,2020-04-09,555,154,507,real
PE,2020-04-10,684,129,631,real
PE,2020-04-11,816,132,748,real
PE,2020-04-12,960,144,887,real
PE,2020-04-13,1154,194,1071,real
PE,2020-04-14,1284,130,1191,real
PE,2020-04-15,1484,200,1388,real
PE,2020-04-16,1683,199,1576,real
PE,2020-04-17,2006,323,1870,real
PE,2020-04-18,2193,187,2017,real
PE,2020-04-19,2459,266,2258,real
PE,2020-04-20,2690,231,2467,real
PE,2020-04-21,2908,218,2557,real
PE,2020-04-22,3296,388,2895,real
PE,2020-04-23,3604,308,3049,real
PE,2020-04-24,4006,402,3322,real
PE,2020-04-25,4508,502,3692,real
PE,2020-04-26,4517,9,3557,real
PE,2020-04-27,4517,0,3363,real
PE,2020-04-28,4517,0,3233,prediction
PE,2020-04-29,4517,0,3033,prediction
PE,2020-04-30,4517,0,2834,prediction
PE,2020-05-01,4517,0,2511,prediction
PE,2020-05-02,4517,0,2324,prediction
PE,2020-05-03,4517,0,2058,prediction
PE,2020-05-04,4517,0,1827,prediction
PE,2020-05-05,4517,0,1609,prediction
PE,2020-05-06,4517,0,1221,prediction
PE,2020-05-07,4517,0,913,prediction
PE,2020-05-08,4517,0,511,prediction
PE,2020-05-09,4517,0,9,prediction
PE,2020-05-10,4517,0,0,prediction
PE,2020-05-11,4517,0,0,prediction
PE,2020-05-12,4517,0,0,prediction
PE,2020-05-13,4517,0,0,prediction
PE,2020-05-14,4517,0,0,prediction
PE,2020-05-15,4517,0,0,prediction
PE,2020-05-16,4517,0,0,prediction
PE,2020-05-17,4517,0,0,prediction
PE,2020-05-18,4517,0,0,prediction
PE,2020-05-19,4517,0,0,prediction
PE,2020-05-20,4517,0,0,prediction
PE,2020-05-21,4517,0,0,prediction
PE,2020-05-22,4517,0,0,prediction
PE,2020-05-23,4517,0,0,prediction
PE,2020-05-24,4517,0,0,prediction
PE,2020-05-25,4517,0,0,prediction
PE,2020-05-26,4517,0,0,prediction
PE,2020-05-27,4517,0,0,prediction
PE,2020-05-28,4517,0,0,prediction
PE,2020-05-29,4517,0,0,prediction
PE,2020-05-30,4517,0,0,prediction
PE,2020-05-31,4517,0,0,prediction
PE,2020-06-01,4517,0,0,prediction
PE,2020-06-02,4517,0,0,prediction
PE,2020-06-03,4517,0,0,prediction
PE,2020-06-04,4517,0,0,prediction
PE,2020-06-05,4517,0,0,prediction
PE,2020-06-06,4517,0,0,prediction
PE,2020-06-07,4517,0,0,prediction
PE,2020-06-08,4517,0,0,prediction
PE,2020-06-09,4517,0,0,prediction
PE,2020-06-10,4517,0,0,prediction
PE,2020-06-11,4517,0,0,prediction
PE,2020-06-12,4517,0,0,prediction
PE,2020-06-13,4517,0,0,prediction
PE,2020-06-14,4517,0,0,prediction
PE,2020-06-15,4517,0,0,prediction
PE,2020-06-16,4517,0,0,prediction
PI,2020-03-19,3,3,3,real
PI,2020-03-20,4,1,4,real
PI,2020-03-21,4,0,4,real
PI,2020-03-22,6,2,6,real
PI,2020-03-23,6,0,6,real
PI,2020-03-24,8,2,8,real
PI,2020-03-25,8,0,8,real
PI,2020-03-26,9,1,9,real
PI,2020-03-27,9,0,9,real
PI,2020-03-28,11,2,11,real
PI,2020-03-29,16,5,16,real
PI,2020-03-30,18,2,18,real
PI,2020-03-31,18,0,18,real
PI,2020-04-01,19,1,19,real
PI,2020-04-02,19,0,16,real
PI,2020-04-03,22,3,18,real
PI,2020-04-04,24,2,20,real
PI,2020-04-05,24,0,18,real
PI,2020-04-06,26,2,20,real
PI,2020-04-07,31,5,23,real
PI,2020-04-08,38,7,30,real
PI,2020-04-09,40,2,31,real
PI,2020-04-10,41,1,32,real
PI,2020-04-11,44,3,33,real
PI,2020-04-12,51,7,35,real
PI,2020-04-13,58,7,40,real
PI,2020-04-14,75,17,57,real
PI,2020-04-15,91,16,72,real
PI,2020-04-16,102,11,83,real
PI,2020-04-17,123,21,101,real
PI,2020-04-18,144,21,120,real
PI,2020-04-19,158,14,134,real
PI,2020-04-20,186,28,160,real
PI,2020-04-21,206,20,175,real
PI,2020-04-22,217,11,179,real
PI,2020-04-23,256,39,216,real
PI,2020-04-24,297,41,256,real
PI,2020-04-25,331,34,287,real
PI,2020-04-26,364,33,313,real
PI,2020-04-27,408,44,350,real
PI,2020-04-28,456,48,381,prediction
PI,2020-04-29,508,52,417,prediction
PI,2020-04-30,565,57,463,prediction
PI,2020-05-01,627,62,504,prediction
PI,2020-05-02,695,68,551,prediction
PI,2020-05-03,769,74,611,prediction
PI,2020-05-04,850,81,664,prediction
PI,2020-05-05,939,89,733,prediction
PI,2020-05-06,1036,97,819,prediction
PI,2020-05-07,1142,106,886,prediction
PI,2020-05-08,1258,116,961,prediction
PI,2020-05-09,1385,127,1054,prediction
PI,2020-05-10,1524,139,1160,prediction
PI,2020-05-11,1676,152,1268,prediction
PI,2020-05-12,1843,167,1387,prediction
PI,2020-05-13,2026,183,1518,prediction
PI,2020-05-14,2227,201,1662,prediction
PI,2020-05-15,2448,221,1821,prediction
PI,2020-05-16,2691,243,1996,prediction
PI,2020-05-17,2958,267,2189,prediction
PI,2020-05-18,3251,293,2401,prediction
PI,2020-05-19,3573,322,2634,prediction
PI,2020-05-20,3927,354,2891,prediction
PI,2020-05-21,4316,389,3174,prediction
PI,2020-05-22,4743,427,3485,prediction
PI,2020-05-23,5212,469,3827,prediction
PI,2020-05-24,5727,515,4203,prediction
PI,2020-05-25,6293,566,4617,prediction
PI,2020-05-26,6817,524,4974,prediction
PI,2020-05-27,7366,549,5340,prediction
PI,2020-05-28,7942,576,5715,prediction
PI,2020-05-29,8557,615,6109,prediction
PI,2020-05-30,9193,636,6502,prediction
PI,2020-05-31,9872,679,6914,prediction
PI,2020-06-01,10306,434,7055,prediction
PI,2020-06-02,10666,360,7093,prediction
PI,2020-06-03,10930,264,7003,prediction
PI,2020-06-04,11122,192,6806,prediction
PI,2020-06-05,11218,96,6475,prediction
PI,2020-06-06,11257,39,6045,prediction
PI,2020-06-07,11257,0,5530,prediction
PI,2020-06-08,11257,0,4964,prediction
PI,2020-06-09,11257,0,4440,prediction
PI,2020-06-10,11257,0,3891,prediction
PI,2020-06-11,11257,0,3315,prediction
PI,2020-06-12,11257,0,2700,prediction
PI,2020-06-13,11257,0,2064,prediction
PI,2020-06-14,11257,0,1385,prediction
PI,2020-06-15,11257,0,951,prediction
PI,2020-06-16,11257,0,591,prediction
PR,2020-03-12,6,6,6,real
PR,2020-03-13,6,0,6,real
PR,2020-03-14,6,0,6,real
PR,2020-03-15,6,0,6,real
PR,2020-03-16,6,0,6,real
PR,2020-03-17,12,6,12,real
PR,2020-03-18,14,2,14,real
PR,2020-03-19,24,10,24,real
PR,2020-03-20,37,13,37,real
PR,2020-03-21,44,7,44,real
PR,2020-03-22,54,10,54,real
PR,2020-03-23,64,10,64,real
PR,2020-03-24,73,9,73,real
PR,2020-03-25,101,28,101,real
PR,2020-03-26,110,9,104,real
PR,2020-03-27,125,15,119,real
PR,2020-03-28,137,12,131,real
PR,2020-03-29,152,15,146,real
PR,2020-03-30,164,12,158,real
PR,2020-03-31,187,23,175,real
PR,2020-04-01,231,44,217,real
PR,2020-04-02,259,28,235,real
PR,2020-04-03,307,48,270,real
PR,2020-04-04,401,94,357,real
PR,2020-04-05,445,44,391,real
PR,2020-04-06,466,21,402,real
PR,2020-04-07,511,45,438,real
PR,2020-04-08,550,39,449,real
PR,2020-04-09,621,71,511,real
PR,2020-04-10,653,32,528,real
PR,2020-04-11,688,35,551,real
PR,2020-04-12,747,59,595,real
PR,2020-04-13,768,21,604,real
PR,2020-04-14,803,35,616,real
PR,2020-04-15,816,13,585,real
PR,2020-04-16,847,31,588,real
PR,2020-04-17,889,42,582,real
PR,2020-04-18,960,71,559,real
PR,2020-04-19,962,2,517,real
PR,2020-04-20,1018,56,552,real
PR,2020-04-21,1039,21,528,real
PR,2020-04-22,1077,38,527,real
PR,2020-04-23,1096,19,475,real
PR,2020-04-24,1133,37,480,real
PR,2020-04-25,1155,22,467,real
PR,2020-04-26,1171,16,424,real
PR,2020-04-27,1201,30,433,real
PR,2020-04-28,1234,33,431,prediction
PR,2020-04-29,1270,36,454,prediction
PR,2020-04-30,1309,39,462,prediction
PR,2020-05-01,1351,42,462,prediction
PR,2020-05-02,1397,46,437,prediction
PR,2020-05-03,1447,50,485,prediction
PR,2020-05-04,1502,55,484,prediction
PR,2020-05-05,1562,60,523,prediction
PR,2020-05-06,1628,66,551,prediction
PR,2020-05-07,1700,72,604,prediction
PR,2020-05-08,1779,79,646,prediction
PR,2020-05-09,1865,86,710,prediction
PR,2020-05-10,1959,94,788,prediction
PR,2020-05-11,2062,103,861,prediction
PR,2020-05-12,2175,113,941,prediction
PR,2020-05-13,2299,124,1029,prediction
PR,2020-05-14,2435,136,1126,prediction
PR,2020-05-15,2584,149,1233,prediction
PR,2020-05-16,2747,163,1350,prediction
PR,2020-05-17,2926,179,1479,prediction
PR,2020-05-18,3122,196,1620,prediction
PR,2020-05-19,3337,215,1775,prediction
PR,2020-05-20,3573,236,1945,prediction
PR,2020-05-21,3832,259,2132,prediction
PR,2020-05-22,4116,284,2337,prediction
PR,2020-05-23,4428,312,2563,prediction
PR,2020-05-24,4771,343,2812,prediction
PR,2020-05-25,5148,377,3086,prediction
PR,2020-05-26,5562,414,3387,prediction
PR,2020-05-27,6017,455,3718,prediction
PR,2020-05-28,6517,500,4082,prediction
PR,2020-05-29,7067,550,4483,prediction
PR,2020-05-30,7672,605,4925,prediction
PR,2020-05-31,8337,665,5411,prediction
PR,2020-06-01,9068,731,5946,prediction
PR,2020-06-02,9872,804,6535,prediction
PR,2020-06-03,10756,884,7183,prediction
PR,2020-06-04,11728,972,7896,prediction
PR,2020-06-05,12797,1069,8681,prediction
PR,2020-06-06,13972,1175,9544,prediction
PR,2020-06-07,15264,1292,10493,prediction
PR,2020-06-08,16685,1421,11537,prediction
PR,2020-06-09,18248,1563,12686,prediction
PR,2020-06-10,19967,1719,13950,prediction
PR,2020-06-11,21857,1890,15340,prediction
PR,2020-06-12,23891,2034,16824,prediction
PR,2020-06-13,26094,2203,18422,prediction
PR,2020-06-14,28473,2379,20136,prediction
PR,2020-06-15,31040,2567,21972,prediction
PR,2020-06-16,33794,2754,23922,prediction
RJ,2020-03-05,1,1,1,real
RJ,2020-03-06,1,0,1,real
RJ,2020-03-07,2,1,2,real
RJ,2020-03-08,3,1,3,real
RJ,2020-03-09,8,5,8,real
RJ,2020-03-10,8,0,8,real
RJ,2020-03-11,13,5,13,real
RJ,2020-03-12,16,3,16,real
RJ,2020-03-13,19,3,19,real
RJ,2020-03-14,24,5,24,real
RJ,2020-03-15,24,0,24,real
RJ,2020-03-16,31,7,31,real
RJ,2020-03-17,31,0,31,real
RJ,2020-03-18,63,32,63,real
RJ,2020-03-19,66,3,65,real
RJ,2020-03-20,109,43,108,real
RJ,2020-03-21,110,1,108,real
RJ,2020-03-22,186,76,183,real
RJ,2020-03-23,233,47,225,real
RJ,2020-03-24,305,72,297,real
RJ,2020-03-25,370,65,357,real
RJ,2020-03-26,421,51,405,real
RJ,2020-03-27,494,73,475,real
RJ,2020-03-28,558,64,534,real
RJ,2020-03-29,600,42,576,real
RJ,2020-03-30,657,57,626,real
RJ,2020-03-31,708,51,677,real
RJ,2020-04-01,832,124,769,real
RJ,2020-04-02,992,160,926,real
RJ,2020-04-03,1074,82,965,real
RJ,2020-04-04,1246,172,1136,real
RJ,2020-04-05,1394,148,1208,real
RJ,2020-04-06,1461,67,1228,real
RJ,2020-04-07,1688,227,1383,real
RJ,2020-04-08,1938,250,1568,real
RJ,2020-04-09,2214,276,1793,real
RJ,2020-04-10,2464,250,1970,real
RJ,2020-04-11,2607,143,2049,real
RJ,2020-04-12,2855,248,2255,real
RJ,2020-04-13,3221,366,2564,real
RJ,2020-04-14,3410,189,2702,real
RJ,2020-04-15,3744,334,2912,real
RJ,2020-04-16,3944,200,2952,real
RJ,2020-04-17,4349,405,3275,real
RJ,2020-04-18,4539,190,3293,real
RJ,2020-04-19,4677,138,3283,real
RJ,2020-04-20,4902,225,3441,real
RJ,2020-04-21,5309,407,3621,real
RJ,2020-04-22,5552,243,3614,real
RJ,2020-04-23,6174,622,3960,real
RJ,2020-04-24,6282,108,3818,real
RJ,2020-04-25,6828,546,4221,real
RJ,2020-04-26,7111,283,4256,real
RJ,2020-04-27,7944,833,4723,real
RJ,2020-04-28,8813,869,5403,prediction
RJ,2020-04-29,9768,955,6024,prediction
RJ,2020-04-30,10818,1050,6874,prediction
RJ,2020-05-01,11973,1155,7624,prediction
RJ,2020-05-02,13243,1270,8704,prediction
RJ,2020-05-03,14640,1397,9963,prediction
RJ,2020-05-04,16176,1536,11274,prediction
RJ,2020-05-05,17865,1689,12556,prediction
RJ,2020-05-06,19716,1851,14164,prediction
RJ,2020-05-07,21672,1956,15498,prediction
RJ,2020-05-08,23650,1978,17368,prediction
RJ,2020-05-09,25825,2175,18997,prediction
RJ,2020-05-10,28175,2350,21064,prediction
RJ,2020-05-11,30689,2514,22745,prediction
RJ,2020-05-12,33347,2658,24534,prediction
RJ,2020-05-13,35904,2557,26136,prediction
RJ,2020-05-14,38522,2618,27704,prediction
RJ,2020-05-15,41165,2643,29192,prediction
RJ,2020-05-16,43843,2678,30600,prediction
RJ,2020-05-17,46540,2697,31900,prediction
RJ,2020-05-18,49354,2814,33178,prediction
RJ,2020-05-19,51915,2561,34050,prediction
RJ,2020-05-20,54335,2420,34619,prediction
RJ,2020-05-21,56608,2273,34936,prediction
RJ,2020-05-22,58767,2159,35117,prediction
RJ,2020-05-23,60824,2057,34999,prediction
RJ,2020-05-24,62781,1957,34606,prediction
RJ,2020-05-25,64591,1810,33902,prediction
RJ,2020-05-26,65973,1382,32626,prediction
RJ,2020-05-27,67047,1074,31143,prediction
RJ,2020-05-28,67750,703,29228,prediction
RJ,2020-05-29,68213,463,27048,prediction
RJ,2020-05-30,68405,192,24562,prediction
RJ,2020-05-31,68405,0,21865,prediction
RJ,2020-06-01,68405,0,19051,prediction
RJ,2020-06-02,68405,0,16490,prediction
RJ,2020-06-03,68405,0,14070,prediction
RJ,2020-06-04,68405,0,11797,prediction
RJ,2020-06-05,68405,0,9638,prediction
RJ,2020-06-06,68405,0,7581,prediction
RJ,2020-06-07,68405,0,5624,prediction
RJ,2020-06-08,68405,0,3814,prediction
RJ,2020-06-09,68405,0,2432,prediction
RJ,2020-06-10,68405,0,1358,prediction
RJ,2020-06-11,68405,0,655,prediction
RJ,2020-06-12,68405,0,192,prediction
RJ,2020-06-13,68405,0,0,prediction
RJ,2020-06-14,68405,0,0,prediction
RJ,2020-06-15,68405,0,0,prediction
RJ,2020-06-16,68405,0,0,prediction
RN,2020-03-15,1,1,1,real
RN,2020-03-16,1,0,1,real
RN,2020-03-17,1,0,1,real
RN,2020-03-18,1,0,1,real
RN,2020-03-19,1,0,1,real
RN,2020-03-20,1,0,1,real
RN,2020-03-21,9,8,9,real
RN,2020-03-22,9,0,9,real
RN,2020-03-23,13,4,13,real
RN,2020-03-24,14,1,14,real
RN,2020-03-25,14,0,14,real
RN,2020-03-26,19,5,19,real
RN,2020-03-27,28,9,28,real
RN,2020-03-28,45,17,45,real
RN,2020-03-29,67,22,66,real
RN,2020-03-30,75,8,74,real
RN,2020-03-31,82,7,81,real
RN,2020-04-01,93,11,92,real
RN,2020-04-02,105,12,104,real
RN,2020-04-03,176,71,175,real
RN,2020-04-04,215,39,206,real
RN,2020-04-05,242,27,233,real
RN,2020-04-06,246,4,233,real
RN,2020-04-07,254,8,240,real
RN,2020-04-08,262,8,248,real
RN,2020-04-09,262,0,243,real
RN,2020-04-10,263,1,235,real
RN,2020-04-11,289,26,244,real
RN,2020-04-12,341,52,274,real
RN,2020-04-13,376,35,301,real
RN,2020-04-14,399,23,317,real
RN,2020-04-15,401,2,308,real
RN,2020-04-16,463,62,358,real
RN,2020-04-17,516,53,340,real
RN,2020-04-18,561,45,346,real
RN,2020-04-19,566,5,324,real
RN,2020-04-20,608,42,362,real
RN,2020-04-21,646,38,392,real
RN,2020-04-22,708,62,446,real
RN,2020-04-23,754,46,492,real
RN,2020-04-24,781,27,518,real
RN,2020-04-25,784,3,495,real
RN,2020-04-26,784,0,443,real
RN,2020-04-27,784,0,408,real
RN,2020-04-28,784,0,385,prediction
RN,2020-04-29,784,0,383,prediction
RN,2020-04-30,784,0,321,prediction
RN,2020-05-01,784,0,268,prediction
RN,2020-05-02,784,0,223,prediction
RN,2020-05-03,784,0,218,prediction
RN,2020-05-04,784,0,176,prediction
RN,2020-05-05,784,0,138,prediction
RN,2020-05-06,784,0,76,prediction
RN,2020-05-07,784,0,30,prediction
RN,2020-05-08,784,0,3,prediction
RN,2020-05-09,784,0,0,prediction
RN,2020-05-10,784,0,0,prediction
RN,2020-05-11,784,0,0,prediction
RN,2020-05-12,784,0,0,prediction
RN,2020-05-13,784,0,0,prediction
RN,2020-05-14,784,0,0,prediction
RN,2020-05-15,784,0,0,prediction
RN,2020-05-16,784,0,0,prediction
RN,2020-05-17,784,0,0,prediction
RN,2020-05-18,784,0,0,prediction
RN,2020-05-19,784,0,0,prediction
RN,2020-05-20,784,0,0,prediction
RN,2020-05-21,784,0,0,prediction
RN,2020-05-22,784,0,0,prediction
RN,2020-05-23,784,0,0,prediction
RN,2020-05-24,784,0,0,prediction
RN,2020-05-25,784,0,0,prediction
RN,2020-05-26,784,0,0,prediction
RN,2020-05-27,784,0,0,prediction
RN,2020-05-28,784,0,0,prediction
RN,2020-05-29,784,0,0,prediction
RN,2020-05-30,784,0,0,prediction
RN,2020-05-31,784,0,0,prediction
RN,2020-06-01,784,0,0,prediction
RN,2020-06-02,784,0,0,prediction
RN,2020-06-03,784,0,0,prediction
RN,2020-06-04,784,0,0,prediction
RN,2020-06-05,784,0,0,prediction
RN,2020-06-06,784,0,0,prediction
RN,2020-06-07,784,0,0,prediction
RN,2020-06-08,784,0,0,prediction
RN,2020-06-09,784,0,0,prediction
RN,2020-06-10,784,0,0,prediction
RN,2020-06-11,784,0,0,prediction
RN,2020-06-12,784,0,0,prediction
RN,2020-06-13,784,0,0,prediction
RN,2020-06-14,784,0,0,prediction
RN,2020-06-15,784,0,0,prediction
RN,2020-06-16,784,0,0,prediction
RO,2020-03-21,3,3,3,real
RO,2020-03-22,3,0,3,real
RO,2020-03-23,3,0,3,real
RO,2020-03-24,3,0,3,real
RO,2020-03-25,5,2,5,real
RO,2020-03-26,6,1,6,real
RO,2020-03-27,6,0,6,real
RO,2020-03-28,6,0,6,real
RO,2020-03-29,6,0,6,real
RO,2020-03-30,8,2,8,real
RO,2020-03-31,9,1,9,real
RO,2020-04-01,9,0,9,real
RO,2020-04-02,10,1,10,real
RO,2020-04-03,10,0,10,real
RO,2020-04-04,11,1,8,real
RO,2020-04-05,14,3,11,real
RO,2020-04-06,18,4,15,real
RO,2020-04-07,23,5,20,real
RO,2020-04-08,26,3,21,real
RO,2020-04-09,28,2,22,real
RO,2020-04-10,32,4,26,real
RO,2020-04-11,34,2,28,real
RO,2020-04-12,42,8,36,real
RO,2020-04-13,53,11,45,real
RO,2020-04-14,69,16,60,real
RO,2020-04-15,73,4,64,real
RO,2020-04-16,92,19,82,real
RO,2020-04-17,110,18,100,real
RO,2020-04-18,128,18,117,real
RO,2020-04-19,160,32,146,real
RO,2020-04-20,199,39,181,real
RO,2020-04-21,228,29,205,real
RO,2020-04-22,1,-227,-25,real
RO,2020-04-23,250,249,222,real
RO,2020-04-24,290,40,258,real
RO,2020-04-25,328,38,294,real
RO,2020-04-26,364,36,322,real
RO,2020-04-27,393,29,340,real
RO,2020-04-28,424,31,355,prediction
RO,2020-04-29,458,34,385,prediction
RO,2020-04-30,458,0,366,prediction
RO,2020-05-01,458,0,348,prediction
RO,2020-05-02,458,0,330,prediction
RO,2020-05-03,458,0,298,prediction
RO,2020-05-04,458,0,259,prediction
RO,2020-05-05,458,0,230,prediction
RO,2020-05-06,458,0,457,prediction
RO,2020-05-07,458,0,208,prediction
RO,2020-05-08,458,0,168,prediction
RO,2020-05-09,458,0,130,prediction
RO,2020-05-10,458,0,94,prediction
RO,2020-05-11,458,0,65,prediction
RO,2020-05-12,458,0,34,prediction
RO,2020-05-13,458,0,0,prediction
RO,2020-05-14,458,0,0,prediction
RO,2020-05-15,458,0,0,prediction
RO,2020-05-16,458,0,0,prediction
RO,2020-05-17,458,0,0,prediction
RO,2020-05-18,458,0,0,prediction
RO,2020-05-19,458,0,0,prediction
RO,2020-05-20,458,0,0,prediction
RO,2020-05-21,458,0,0,prediction
RO,2020-05-22,458,0,0,prediction
RO,2020-05-23,458,0,0,prediction
RO,2020-05-24,458,0,0,prediction
RO,2020-05-25,458,0,0,prediction
RO,2020-05-26,458,0,0,prediction
RO,2020-05-27,458,0,0,prediction
RO,2020-05-28,458,0,0,prediction
RO,2020-05-29,458,0,0,prediction
RO,2020-05-30,458,0,0,prediction
RO,2020-05-31,458,0,0,prediction
RO,2020-06-01,458,0,0,prediction
RO,2020-06-02,458,0,0,prediction
RO,2020-06-03,458,0,0,prediction
RO,2020-06-04,458,0,0,prediction
RO,2020-06-05,458,0,0,prediction
RO,2020-06-06,458,0,0,prediction
RO,2020-06-07,458,0,0,prediction
RO,2020-06-08,458,0,0,prediction
RO,2020-06-09,458,0,0,prediction
RO,2020-06-10,458,0,0,prediction
RO,2020-06-11,458,0,0,prediction
RO,2020-06-12,458,0,0,prediction
RO,2020-06-13,458,0,0,prediction
RO,2020-06-14,458,0,0,prediction
RO,2020-06-15,458,0,0,prediction
RO,2020-06-16,458,0,0,prediction
RR,2020-03-21,2,2,2,real
RR,2020-03-22,2,0,2,real
RR,2020-03-23,2,0,2,real
RR,2020-03-24,8,6,8,real
RR,2020-03-25,8,0,8,real
RR,2020-03-26,10,2,10,real
RR,2020-03-27,12,2,12,real
RR,2020-03-28,16,4,16,real
RR,2020-03-29,16,0,16,real
RR,2020-03-30,16,0,16,real
RR,2020-03-31,22,6,22,real
RR,2020-04-01,22,0,22,real
RR,2020-04-02,30,8,30,real
RR,2020-04-03,37,7,37,real
RR,2020-04-04,42,5,40,real
RR,2020-04-05,42,0,40,real
RR,2020-04-06,42,0,40,real
RR,2020-04-07,49,7,41,real
RR,2020-04-08,52,3,44,real
RR,2020-04-09,63,11,53,real
RR,2020-04-10,75,12,63,real
RR,2020-04-11,79,4,63,real
RR,2020-04-12,83,4,67,real
RR,2020-04-13,113,30,97,real
RR,2020-04-14,114,1,92,real
RR,2020-04-15,142,28,120,real
RR,2020-04-16,164,22,134,real
RR,2020-04-17,201,37,164,real
RR,2020-04-18,222,21,180,real
RR,2020-04-19,244,22,202,real
RR,2020-04-20,247,3,205,real
RR,2020-04-21,280,33,231,real
RR,2020-04-22,297,17,245,real
RR,2020-04-23,304,7,241,real
RR,2020-04-24,345,41,270,real
RR,2020-04-25,401,56,322,real
RR,2020-04-26,407,6,324,real
RR,2020-04-27,425,18,312,real
RR,2020-04-28,444,19,330,prediction
RR,2020-04-29,464,20,322,prediction
RR,2020-04-30,464,0,300,prediction
RR,2020-05-01,464,0,263,prediction
RR,2020-05-02,464,0,242,prediction
RR,2020-05-03,464,0,220,prediction
RR,2020-05-04,464,0,217,prediction
RR,2020-05-05,464,0,184,prediction
RR,2020-05-06,464,0,167,prediction
RR,2020-05-07,464,0,160,prediction
RR,2020-05-08,464,0,119,prediction
RR,2020-05-09,464,0,63,prediction
RR,2020-05-10,464,0,57,prediction
RR,2020-05-11,464,0,39,prediction
RR,2020-05-12,464,0,20,prediction
RR,2020-05-13,464,0,0,prediction
RR,2020-05-14,464,0,0,prediction
RR,2020-05-15,464,0,0,prediction
RR,2020-05-16,464,0,0,prediction
RR,2020-05-17,464,0,0,prediction
RR,2020-05-18,464,0,0,prediction
RR,2020-05-19,464,0,0,prediction
RR,2020-05-20,464,0,0,prediction
RR,2020-05-21,464,0,0,prediction
RR,2020-05-22,464,0,0,prediction
RR,2020-05-23,464,0,0,prediction
RR,2020-05-24,464,0,0,prediction
RR,2020-05-25,464,0,0,prediction
RR,2020-05-26,464,0,0,prediction
RR,2020-05-27,464,0,0,prediction
RR,2020-05-28,464,0,0,prediction
RR,2020-05-29,464,0,0,prediction
RR,2020-05-30,464,0,0,prediction
RR,2020-05-31,464,0,0,prediction
RR,2020-06-01,464,0,0,prediction
RR,2020-06-02,464,0,0,prediction
RR,2020-06-03,464,0,0,prediction
RR,2020-06-04,464,0,0,prediction
RR,2020-06-05,464,0,0,prediction
RR,2020-06-06,464,0,0,prediction
RR,2020-06-07,464,0,0,prediction
RR,2020-06-08,464,0,0,prediction
RR,2020-06-09,464,0,0,prediction
RR,2020-06-10,464,0,0,prediction
RR,2020-06-11,464,0,0,prediction
RR,2020-06-12,464,0,0,prediction
RR,2020-06-13,464,0,0,prediction
RR,2020-06-14,464,0,0,prediction
RR,2020-06-15,464,0,0,prediction
RR,2020-06-16,464,0,0,prediction
RS,2020-03-10,1,1,1,real
RS,2020-03-11,4,3,4,real
RS,2020-03-12,4,0,4,real
RS,2020-03-13,4,0,4,real
RS,2020-03-14,7,3,7,real
RS,2020-03-15,7,0,7,real
RS,2020-03-16,11,4,11,real
RS,2020-03-17,19,8,19,real
RS,2020-03-18,28,9,28,real
RS,2020-03-19,33,5,33,real
RS,2020-03-20,41,8,41,real
RS,2020-03-21,71,30,71,real
RS,2020-03-22,77,6,77,real
RS,2020-03-23,96,19,96,real
RS,2020-03-24,110,14,109,real
RS,2020-03-25,162,52,158,real
RS,2020-03-26,162,0,158,real
RS,2020-03-27,197,35,193,real
RS,2020-03-28,226,29,219,real
RS,2020-03-29,239,13,232,real
RS,2020-03-30,254,15,243,real
RS,2020-03-31,305,51,286,real
RS,2020-04-01,316,11,288,real
RS,2020-04-02,386,70,353,real
RS,2020-04-03,410,24,369,real
RS,2020-04-04,418,8,347,real
RS,2020-04-05,468,50,391,real
RS,2020-04-06,501,33,405,real
RS,2020-04-07,555,54,445,real
RS,2020-04-08,581,26,419,real
RS,2020-04-09,636,55,474,real
RS,2020-04-10,640,4,443,real
RS,2020-04-11,653,13,427,real
RS,2020-04-12,664,11,425,real
RS,2020-04-13,685,21,431,real
RS,2020-04-14,720,35,415,real
RS,2020-04-15,762,42,446,real
RS,2020-04-16,792,30,406,real
RS,2020-04-17,831,39,421,real
RS,2020-04-18,854,23,436,real
RS,2020-04-19,869,15,401,real
RS,2020-04-20,904,35,403,real
RS,2020-04-21,918,14,363,real
RS,2020-04-22,970,52,389,real
RS,2020-04-23,1039,69,403,real
RS,2020-04-24,1096,57,456,real
RS,2020-04-25,1166,70,513,real
RS,2020-04-26,1208,42,544,real
RS,2020-04-27,1256,48,571,real
RS,2020-04-28,1308,52,588,prediction
RS,2020-04-29,1365,57,603,prediction
RS,2020-04-30,1427,62,635,prediction
RS,2020-05-01,1495,68,664,prediction
RS,2020-05-02,1569,74,715,prediction
RS,2020-05-03,1650,81,781,prediction
RS,2020-05-04,1739,89,835,prediction
RS,2020-05-05,1836,97,918,prediction
RS,2020-05-06,1942,106,972,prediction
RS,2020-05-07,2058,116,1019,prediction
RS,2020-05-08,2185,127,1089,prediction
RS,2020-05-09,2324,139,1158,prediction
RS,2020-05-10,2476,152,1268,prediction
RS,2020-05-11,2643,167,1387,prediction
RS,2020-05-12,2826,183,1518,prediction
RS,2020-05-13,3027,201,1662,prediction
RS,2020-05-14,3248,221,1821,prediction
RS,2020-05-15,3491,243,1996,prediction
RS,2020-05-16,3758,267,2189,prediction
RS,2020-05-17,4051,293,2401,prediction
RS,2020-05-18,4373,322,2634,prediction
RS,2020-05-19,4727,354,2891,prediction
RS,2020-05-20,5116,389,3174,prediction
RS,2020-05-21,5543,427,3485,prediction
RS,2020-05-22,6012,469,3827,prediction
RS,2020-05-23,6527,515,4203,prediction
RS,2020-05-24,7093,566,4617,prediction
RS,2020-05-25,7715,622,5072,prediction
RS,2020-05-26,8399,684,5573,prediction
RS,2020-05-27,9151,752,6124,prediction
RS,2020-05-28,9978,827,6730,prediction
RS,2020-05-29,10887,909,7396,prediction
RS,2020-05-30,11886,999,8128,prediction
RS,2020-05-31,12984,1098,8933,prediction
RS,2020-06-01,14191,1207,9818,prediction
RS,2020-06-02,15518,1327,10791,prediction
RS,2020-06-03,16977,1459,11861,prediction
RS,2020-06-04,18581,1604,13038,prediction
RS,2020-06-05,20345,1764,14333,prediction
RS,2020-06-06,22285,1940,15758,prediction
RS,2020-06-07,24329,2044,17236,prediction
RS,2020-06-08,26529,2200,18814,prediction
RS,2020-06-09,28891,2362,20492,prediction
RS,2020-06-10,31428,2537,22277,prediction
RS,2020-06-11,34129,2701,24151,prediction
RS,2020-06-12,36721,2592,25834,prediction
RS,2020-06-13,39387,2666,27501,prediction
RS,2020-06-14,42113,2726,29129,prediction
RS,2020-06-15,44904,2791,30713,prediction
RS,2020-06-16,47400,2496,31882,prediction
SC,2020-03-12,2,2,2,real
SC,2020-03-13,3,1,3,real
SC,2020-03-14,5,2,5,real
SC,2020-03-15,6,1,6,real
SC,2020-03-16,6,0,6,real
SC,2020-03-17,7,1,7,real
SC,2020-03-18,14,7,14,real
SC,2020-03-19,21,7,21,real
SC,2020-03-20,40,19,40,real
SC,2020-03-21,57,17,57,real
SC,2020-03-22,68,11,68,real
SC,2020-03-23,86,18,86,real
SC,2020-03-24,86,0,86,real
SC,2020-03-25,114,28,114,real
SC,2020-03-26,142,28,140,real
SC,2020-03-27,155,13,152,real
SC,2020-03-28,175,20,170,real
SC,2020-03-29,197,22,191,real
SC,2020-03-30,219,22,213,real
SC,2020-03-31,235,16,228,real
SC,2020-04-01,247,12,233,real
SC,2020-04-02,281,34,260,real
SC,2020-04-03,301,20,261,real
SC,2020-04-04,356,55,299,real
SC,2020-04-05,379,23,311,real
SC,2020-04-06,426,47,340,real
SC,2020-04-07,457,31,371,real
SC,2020-04-08,501,44,387,real
SC,2020-04-09,693,192,551,real
SC,2020-04-10,717,24,562,real
SC,2020-04-11,732,15,557,real
SC,2020-04-12,776,44,579,real
SC,2020-04-13,826,50,607,real
SC,2020-04-14,851,25,616,real
SC,2020-04-15,884,33,637,real
SC,2020-04-16,928,44,647,real
SC,2020-04-17,964,36,663,real
SC,2020-04-18,977,13,621,real
SC,2020-04-19,1027,50,648,real
SC,2020-04-20,1064,37,638,real
SC,2020-04-21,1092,28,635,real
SC,2020-04-22,1116,24,615,real
SC,2020-04-23,1171,55,478,real
SC,2020-04-24,1210,39,493,real
SC,2020-04-25,1236,26,504,real
SC,2020-04-26,1338,102,562,real
SC,2020-04-27,1477,139,651,real
SC,2020-04-28,1629,152,778,prediction
SC,2020-04-29,1796,167,912,prediction
SC,2020-04-30,1979,183,1051,prediction
SC,2020-05-01,2180,201,1216,prediction
SC,2020-05-02,2401,221,1424,prediction
SC,2020-05-03,2644,243,1617,prediction
SC,2020-05-04,2911,267,1847,prediction
SC,2020-05-05,3204,293,2112,prediction
SC,2020-05-06,3526,322,2410,prediction
SC,2020-05-07,3880,354,2709,prediction
SC,2020-05-08,4269,389,3059,prediction
SC,2020-05-09,4696,427,3460,prediction
SC,2020-05-10,5165,469,3827,prediction
SC,2020-05-11,5680,515,4203,prediction
SC,2020-05-12,6246,566,4617,prediction
SC,2020-05-13,6868,622,5072,prediction
SC,2020-05-14,7552,684,5573,prediction
SC,2020-05-15,8304,752,6124,prediction
SC,2020-05-16,9131,827,6730,prediction
SC,2020-05-17,10040,909,7396,prediction
SC,2020-05-18,11039,999,8128,prediction
SC,2020-05-19,12137,1098,8933,prediction
SC,2020-05-20,13344,1207,9818,prediction
SC,2020-05-21,14485,1141,10605,prediction
SC,2020-05-22,15675,1190,11406,prediction
SC,2020-05-23,16915,1240,12219,prediction
SC,2020-05-24,18222,1307,13057,prediction
SC,2020-05-25,19558,1336,13878,prediction
SC,2020-05-26,20667,1109,14421,prediction
SC,2020-05-27,21727,1060,14859,prediction
SC,2020-05-28,22711,984,15159,prediction
SC,2020-05-29,23607,896,15303,prediction
SC,2020-05-30,24352,745,15221,prediction
SC,2020-05-31,25071,719,15031,prediction
SC,2020-06-01,25740,669,14701,prediction
SC,2020-06-02,25980,240,13843,prediction
SC,2020-06-03,25980,0,12636,prediction
SC,2020-06-04,25980,0,11495,prediction
SC,2020-06-05,25980,0,10305,prediction
SC,2020-06-06,25980,0,9065,prediction
SC,2020-06-07,25980,0,7758,prediction
SC,2020-06-08,25980,0,6422,prediction
SC,2020-06-09,25980,0,5313,prediction
SC,2020-06-10,25980,0,4253,prediction
SC,2020-06-11,25980,0,3269,prediction
SC,2020-06-12,25980,0,2373,prediction
SC,2020-06-13,25980,0,1628,prediction
SC,2020-06-14,25980,0,909,prediction
SC,2020-06-15,25980,0,240,prediction
SC,2020-06-16,25980,0,0,prediction
SE,2020-03-14,1,1,1,real
SE,2020-03-15,1,0,1,real
SE,2020-03-16,5,4,5,real
SE,2020-03-17,5,0,5,real
SE,2020-03-18,6,1,6,real
SE,2020-03-19,6,0,6,real
SE,2020-03-20,7,1,7,real
SE,2020-03-21,10,3,10,real
SE,2020-03-22,10,0,10,real
SE,2020-03-23,10,0,10,real
SE,2020-03-24,15,5,15,real
SE,2020-03-25,16,1,16,real
SE,2020-03-26,16,0,16,real
SE,2020-03-27,16,0,16,real
SE,2020-03-28,16,0,15,real
SE,2020-03-29,16,0,15,real
SE,2020-03-30,18,2,13,real
SE,2020-03-31,20,2,15,real
SE,2020-04-01,22,2,16,real
SE,2020-04-02,23,1,17,real
SE,2020-04-03,27,4,20,real
SE,2020-04-04,32,5,22,real
SE,2020-04-05,32,0,22,real
SE,2020-04-06,32,0,22,real
SE,2020-04-07,36,4,21,real
SE,2020-04-08,39,3,23,real
SE,2020-04-09,40,1,24,real
SE,2020-04-10,42,2,26,real
SE,2020-04-11,44,2,28,real
SE,2020-04-12,44,0,28,real
SE,2020-04-13,45,1,27,real
SE,2020-04-14,46,1,26,real
SE,2020-04-15,48,2,26,real
SE,2020-04-16,53,5,30,real
SE,2020-04-17,58,5,31,real
SE,2020-04-18,71,13,39,real
SE,2020-04-19,86,15,54,real
SE,2020-04-20,92,6,60,real
SE,2020-04-21,117,25,81,real
SE,2020-04-22,118,1,79,real
SE,2020-04-23,135,17,95,real
SE,2020-04-24,145,10,103,real
SE,2020-04-25,154,9,110,real
SE,2020-04-26,175,21,131,real
SE,2020-04-27,211,36,166,real
SE,2020-04-28,250,39,204,prediction
SE,2020-04-29,292,42,244,prediction
SE,2020-04-30,338,46,285,prediction
SE,2020-05-01,388,50,330,prediction
SE,2020-05-02,443,55,372,prediction
SE,2020-05-03,503,60,417,prediction
SE,2020-05-04,569,66,477,prediction
SE,2020-05-05,641,72,524,prediction
SE,2020-05-06,720,79,602,prediction
SE,2020-05-07,806,86,671,prediction
SE,2020-05-08,900,94,755,prediction
SE,2020-05-09,1003,103,849,prediction
SE,2020-05-10,1116,113,941,prediction
SE,2020-05-11,1240,124,1029,prediction
SE,2020-05-12,1376,136,1126,prediction
SE,2020-05-13,1525,149,1233,prediction
SE,2020-05-14,1688,163,1350,prediction
SE,2020-05-15,1867,179,1479,prediction
SE,2020-05-16,2063,196,1620,prediction
SE,2020-05-17,2278,215,1775,prediction
SE,2020-05-18,2514,236,1945,prediction
SE,2020-05-19,2773,259,2132,prediction
SE,2020-05-20,3057,284,2337,prediction
SE,2020-05-21,3369,312,2563,prediction
SE,2020-05-22,3712,343,2812,prediction
SE,2020-05-23,4089,377,3086,prediction
SE,2020-05-24,4503,414,3387,prediction
SE,2020-05-25,4935,432,3695,prediction
SE,2020-05-26,5408,473,4032,prediction
SE,2020-05-27,5927,519,4402,prediction
SE,2020-05-28,6497,570,4809,prediction
SE,2020-05-29,6830,333,4963,prediction
SE,2020-05-30,7112,282,5049,prediction
SE,2020-05-31,7337,225,5059,prediction
SE,2020-06-01,7524,187,5010,prediction
SE,2020-06-02,7605,81,4832,prediction
SE,2020-06-03,7633,28,4576,prediction
SE,2020-06-04,7633,0,4264,prediction
SE,2020-06-05,7633,0,3921,prediction
SE,2020-06-06,7633,0,3544,prediction
SE,2020-06-07,7633,0,3130,prediction
SE,2020-06-08,7633,0,2698,prediction
SE,2020-06-09,7633,0,2225,prediction
SE,2020-06-10,7633,0,1706,prediction
SE,2020-06-11,7633,0,1136,prediction
SE,2020-06-12,7633,0,803,prediction
SE,2020-06-13,7633,0,521,prediction
SE,2020-06-14,7633,0,296,prediction
SE,2020-06-15,7633,0,109,prediction
SE,2020-06-16,7633,0,28,prediction
SP,2020-02-26,1,1,1,real
SP,2020-02-27,1,0,1,real
SP,2020-02-28,1,0,1,real
SP,2020-02-29,2,1,2,real
SP,2020-03-01,2,0,2,real
SP,2020-03-02,2,0,2,real
SP,2020-03-03,2,0,2,real
SP,2020-03-04,3,1,3,real
SP,2020-03-05,6,3,6,real
SP,2020-03-06,10,4,10,real
SP,2020-03-07,13,3,13,real
SP,2020-03-08,16,3,16,real
SP,2020-03-09,16,0,16,real
SP,2020-03-10,19,3,19,real
SP,2020-03-11,30,11,29,real
SP,2020-03-12,46,16,45,real
SP,2020-03-13,56,10,55,real
SP,2020-03-14,64,8,62,real
SP,2020-03-15,111,47,109,real
SP,2020-03-16,152,41,150,real
SP,2020-03-17,164,12,162,real
SP,2020-03-18,231,67,228,real
SP,2020-03-19,282,51,276,real
SP,2020-03-20,397,115,387,real
SP,2020-03-21,512,115,499,real
SP,2020-03-22,628,116,612,real
SP,2020-03-23,747,119,731,real
SP,2020-03-24,812,65,793,real
SP,2020-03-25,867,55,837,real
SP,2020-03-26,1057,190,1011,real
SP,2020-03-27,1227,170,1171,real
SP,2020-03-28,1292,65,1228,real
SP,2020-03-29,1357,65,1246,real
SP,2020-03-30,1517,160,1365,real
SP,2020-03-31,2341,824,2177,real
SP,2020-04-01,2982,641,2751,real
SP,2020-04-02,3519,537,3237,real
SP,2020-04-03,4049,530,3652,real
SP,2020-04-04,4463,414,3951,real
SP,2020-04-05,4610,147,3982,real
SP,2020-04-06,4867,257,4120,real
SP,2020-04-07,5682,815,4870,real
SP,2020-04-08,6708,1026,5841,real
SP,2020-04-09,7480,772,6423,real
SP,2020-04-10,8214,734,6987,real
SP,2020-04-11,8419,205,7127,real
SP,2020-04-12,8755,336,7398,real
SP,2020-04-13,8895,140,7378,real
SP,2020-04-14,9371,476,7030,real
SP,2020-04-15,11043,1672,8061,real
SP,2020-04-16,11569,526,8050,real
SP,2020-04-17,12841,1272,8792,real
SP,2020-04-18,13894,1053,9431,real
SP,2020-04-19,14269,375,9659,real
SP,2020-04-20,14582,313,9715,real
SP,2020-04-21,15387,805,9705,real
SP,2020-04-22,15916,529,9208,real
SP,2020-04-23,16739,823,9259,real
SP,2020-04-24,17831,1092,9617,real
SP,2020-04-25,20004,2173,11585,real
SP,2020-04-26,20715,711,11960,real
SP,2020-04-27,21696,981,12801,real
SP,2020-04-28,22775,1079,13404,prediction
SP,2020-04-29,23961,1186,12918,prediction
SP,2020-04-30,25265,1304,13696,prediction
SP,2020-05-01,26699,1434,13858,prediction
SP,2020-05-02,28276,1577,14382,prediction
SP,2020-05-03,30010,1734,15741,prediction
SP,2020-05-04,31917,1907,17335,prediction
SP,2020-05-05,33616,1699,18229,prediction
SP,2020-05-06,35484,1868,19568,prediction
SP,2020-05-07,37538,2054,20799,prediction
SP,2020-05-08,39797,2259,21966,prediction
SP,2020-05-09,42281,2484,22277,prediction
SP,2020-05-10,44889,2608,24174,prediction
SP,2020-05-11,47694,2805,25998,prediction
SP,2020-05-12,50642,2948,27867,prediction
SP,2020-05-13,53719,3077,29758,prediction
SP,2020-05-14,56927,3208,31662,prediction
SP,2020-05-15,60455,3528,33756,prediction
SP,2020-05-16,64258,3803,35982,prediction
SP,2020-05-17,68192,3934,38182,prediction
SP,2020-05-18,72321,4129,40404,prediction
SP,2020-05-19,76661,4340,43045,prediction
SP,2020-05-20,81238,4577,45754,prediction
SP,2020-05-21,86002,4764,48464,prediction
SP,2020-05-22,90695,4693,50898,prediction
SP,2020-05-23,95557,4862,53276,prediction
SP,2020-05-24,100567,5010,55678,prediction
SP,2020-05-25,105639,5072,57945,prediction
SP,2020-05-26,110694,5055,60052,prediction
SP,2020-05-27,115895,5201,62176,prediction
SP,2020-05-28,121213,5318,64286,prediction
SP,2020-05-29,126550,5337,66095,prediction
SP,2020-05-30,131571,5021,67313,prediction
SP,2020-05-31,136513,4942,68321,prediction
SP,2020-06-01,141468,4955,69147,prediction
SP,2020-06-02,146340,4872,69679,prediction
SP,2020-06-03,150971,4631,69733,prediction
SP,2020-06-04,155517,4546,69515,prediction
SP,2020-06-05,160015,4498,69320,prediction
SP,2020-06-06,164312,4297,68755,prediction
SP,2020-06-07,168295,3983,67728,prediction
SP,2020-06-08,171789,3494,66150,prediction
SP,2020-06-09,175126,3337,64432,prediction
SP,2020-06-10,178177,3051,62282,prediction
SP,2020-06-11,180785,2608,59572,prediction
SP,2020-06-12,182989,2204,56439,prediction
SP,2020-06-13,184943,1954,53372,prediction
SP,2020-06-14,186516,1573,50003,prediction
SP,2020-06-15,187544,1028,46076,prediction
SP,2020-06-16,188106,562,41766,prediction
